PersonRegistrationAddressRegion,CreditHistoryLast2MonthCreditsCount,CreditHistoryActiveCreditsOverdueCount,CreditHistoryTotalPastDueAmount,CreditHistoryActiveCreditsOneMonthOverdueCount,CreditHistoryActiveCreditsTwoMonthsOverdueCount,CreditHistoryActiveCreditsMoreThreeMonthsOverdueCount,FsspActiveCreditDebtAmount,FsspActiveDebtAmount,loan_approve
54.0,18.0,7.0,114842.0,2.0,2.0,3.0,0.0,0.0,0.0
86.0,0.0,0.0,0.0,0.0,0.0,0.0,0.0,0.0,0.0
77.0,0.0,36.0,43296.0,35.0,1.0,0.0,0.0,0.0,0.0
40.0,0.0,0.0,0.0,0.0,0.0,0.0,0.0,0.0,0.0
72.0,0.0,0.0,0.0,0.0,0.0,0.0,0.0,12368.11,0.0
78.0,9.0,5.0,316660.0,1.0,0.0,4.0,0.0,0.0,0.0
23.0,0.0,0.0,0.0,0.0,0.0,0.0,0.0,0.0,0.0
34.0,0.0,4.0,22394.0,1.0,2.0,1.0,0.0,0.0,0.0
43.0,12.0,0.0,0.0,0.0,0.0,0.0,0.0,0.0,0.0
77.0,0.0,0.0,0.0,0.0,0.0,0.0,0.0,0.0,0.0
66.0,0.0,4.0,0.0,4.0,0.0,0.0,0.0,0.0,0.0
23.0,0.0,4.0,0.0,4.0,0.0,0.0,0.0,500.0,0.0
66.0,2.0,0.0,0.0,0.0,0.0,0.0,0.0,0.0,0.0
16.0,0.0,0.0,0.0,0.0,0.0,0.0,0.0,0.0,0.0
78.0,0.0,0.0,0.0,0.0,0.0,0.0,0.0,0.0,0.0
50.0,0.0,3.0,13839.0,1.0,1.0,1.0,0.0,42565.2,0.0
54.0,19.0,2.0,7040.0,2.0,0.0,0.0,0.0,0.0,0.0
74.0,0.0,0.0,0.0,0.0,0.0,0.0,0.0,0.0,0.0
39.0,27.0,7.0,85876.0,6.0,1.0,0.0,0.0,0.0,0.0
28.0,0.0,1.0,18300.0,0.0,0.0,1.0,0.0,19936.5,0.0
72.0,0.0,0.0,0.0,0.0,0.0,0.0,0.0,0.0,0.0
64.0,0.0,0.0,0.0,0.0,0.0,0.0,0.0,0.0,0.0
48.0,0.0,0.0,0.0,0.0,0.0,0.0,0.0,0.0,0.0
39.0,0.0,0.0,0.0,0.0,0.0,0.0,0.0,0.0,0.0
77.0,5.0,5.0,0.0,2.0,2.0,1.0,0.0,0.0,0.0
67.0,0.0,0.0,0.0,0.0,0.0,0.0,0.0,0.0,0.0
23.0,0.0,0.0,0.0,0.0,0.0,0.0,0.0,0.0,0.0
36.0,0.0,1.0,5478.0,0.0,0.0,1.0,0.0,2406.14,0.0
58.0,1.0,0.0,0.0,0.0,0.0,0.0,0.0,0.0,0.0
77.0,0.0,0.0,0.0,0.0,0.0,0.0,0.0,0.0,0.0
58.0,0.0,0.0,0.0,0.0,0.0,0.0,0.0,0.0,0.0
77.0,29.0,0.0,0.0,0.0,0.0,0.0,0.0,0.0,0.0
77.0,5.0,0.0,0.0,0.0,0.0,0.0,0.0,0.0,0.0
36.0,0.0,1.0,1679.0,1.0,0.0,0.0,0.0,0.0,0.0
3.0,0.0,0.0,0.0,0.0,0.0,0.0,0.0,0.0,0.0
66.0,6.0,5.0,64.82,4.0,0.0,1.0,0.0,0.0,0.0
41.0,0.0,0.0,0.0,0.0,0.0,0.0,0.0,0.0,0.0
66.0,0.0,6.0,564853.0,0.0,1.0,5.0,0.0,0.0,0.0
24.0,0.0,8.0,0.0,8.0,0.0,0.0,0.0,0.0,0.0
55.0,0.0,0.0,0.0,0.0,0.0,0.0,0.0,0.0,0.0
38.0,0.0,0.0,0.0,0.0,0.0,0.0,0.0,0.0,0.0
39.0,1.0,0.0,27232.34,0.0,0.0,0.0,0.0,0.0,1.0
86.0,1.0,0.0,97513.87,0.0,0.0,0.0,0.0,0.0,0.0
2.0,0.0,0.0,0.0,0.0,0.0,0.0,0.0,0.0,0.0
50.0,0.0,0.0,0.0,0.0,0.0,0.0,0.0,0.0,0.0
55.0,0.0,0.0,0.0,0.0,0.0,0.0,0.0,0.0,0.0
2.0,74.0,6.0,0.0,6.0,0.0,0.0,0.0,0.0,0.0
77.0,0.0,0.0,0.0,0.0,0.0,0.0,0.0,0.0,0.0
3.0,14.0,0.0,0.0,0.0,0.0,0.0,0.0,0.0,0.0
30.0,0.0,3.0,3505.0,3.0,0.0,0.0,0.0,92202.92,0.0
71.0,8.0,16.0,275729.0,14.0,2.0,0.0,0.0,0.0,0.0
64.0,0.0,0.0,0.0,0.0,0.0,0.0,0.0,0.0,0.0
48.0,0.0,0.0,0.0,0.0,0.0,0.0,0.0,0.0,0.0
34.0,0.0,2.0,160849.0,0.0,0.0,2.0,469.5,0.0,0.0
25.0,0.0,0.0,0.0,0.0,0.0,0.0,0.0,0.0,0.0
72.0,0.0,3.0,0.0,1.0,0.0,2.0,0.0,0.0,0.0
3.0,0.0,0.0,0.0,0.0,0.0,0.0,0.0,0.0,1.0
60.0,0.0,0.0,0.0,0.0,0.0,0.0,0.0,0.0,1.0
56.0,0.0,4.0,0.0,3.0,0.0,1.0,0.0,0.0,0.0
36.0,0.0,1.0,0.0,1.0,0.0,0.0,0.0,0.0,0.0
45.0,14.0,6.0,110200.92,5.0,0.0,1.0,0.0,0.0,1.0
78.0,39.0,10.0,162112.0,8.0,1.0,1.0,0.0,0.0,0.0
61.0,0.0,0.0,0.0,0.0,0.0,0.0,0.0,0.0,0.0
24.0,11.0,3.0,0.0,1.0,2.0,0.0,0.0,0.0,1.0
38.0,0.0,1.0,26513.0,1.0,0.0,0.0,0.0,28508.0,0.0
37.0,0.0,3.0,0.0,3.0,0.0,0.0,0.0,0.0,0.0
36.0,0.0,1.0,0.0,1.0,0.0,0.0,0.0,0.0,0.0
31.0,7.0,2.0,0.0,1.0,1.0,0.0,0.0,0.0,0.0
66.0,0.0,1.0,47539.03,0.0,0.0,1.0,0.0,0.0,1.0
37.0,0.0,0.0,0.0,0.0,0.0,0.0,0.0,0.0,0.0
72.0,36.0,3.0,0.0,1.0,0.0,2.0,0.0,0.0,0.0
56.0,3.0,3.0,2250.0,0.0,0.0,3.0,0.0,0.0,0.0
42.0,0.0,0.0,0.0,0.0,0.0,0.0,0.0,0.0,0.0
16.0,0.0,0.0,0.0,0.0,0.0,0.0,0.0,0.0,0.0
44.0,0.0,0.0,0.0,0.0,0.0,0.0,0.0,0.0,0.0
50.0,0.0,2.0,0.0,2.0,0.0,0.0,0.0,0.0,0.0
66.0,0.0,1.0,47539.03,0.0,0.0,1.0,0.0,0.0,1.0
39.0,0.0,0.0,0.0,0.0,0.0,0.0,0.0,0.0,0.0
50.0,0.0,1.0,0.0,1.0,0.0,0.0,0.0,0.0,0.0
36.0,0.0,0.0,0.0,0.0,0.0,0.0,0.0,0.0,0.0
61.0,1.0,0.0,0.0,0.0,0.0,0.0,0.0,0.0,0.0
1.0,0.0,0.0,0.0,0.0,0.0,0.0,0.0,0.0,0.0
2.0,1.0,0.0,4023.0,0.0,0.0,0.0,0.0,0.0,0.0
66.0,10.0,0.0,0.0,0.0,0.0,0.0,0.0,0.0,0.0
52.0,0.0,0.0,0.0,0.0,0.0,0.0,0.0,0.0,0.0
77.0,3.0,42.0,46067.0,34.0,3.0,5.0,0.0,0.0,0.0
1.0,2.0,2.0,48630.0,1.0,0.0,1.0,0.0,0.0,0.0
25.0,1.0,0.0,0.0,0.0,0.0,0.0,0.0,0.0,0.0
38.0,0.0,0.0,0.0,0.0,0.0,0.0,0.0,0.0,0.0
77.0,0.0,0.0,0.0,0.0,0.0,0.0,0.0,0.0,0.0
66.0,0.0,0.0,3224.0,0.0,0.0,0.0,0.0,23525.26,0.0
2.0,0.0,1.0,0.0,1.0,0.0,0.0,0.0,0.0,0.0
71.0,0.0,0.0,0.0,0.0,0.0,0.0,0.0,0.0,0.0
66.0,0.0,7.0,168722.0,0.0,0.0,7.0,0.0,5000.0,0.0
50.0,0.0,1.0,105404.0,0.0,0.0,1.0,0.0,111567.25,0.0
70.0,0.0,1.0,0.0,1.0,0.0,0.0,0.0,0.0,0.0
16.0,0.0,3.0,10672.0,0.0,0.0,3.0,0.0,0.0,0.0
63.0,13.0,1.0,11920.0,0.0,1.0,0.0,0.0,1500.0,0.0
63.0,0.0,3.0,0.0,1.0,1.0,1.0,0.0,0.0,0.0
50.0,0.0,0.0,0.0,0.0,0.0,0.0,0.0,0.0,0.0
77.0,6.0,1.0,0.0,0.0,1.0,0.0,0.0,0.0,0.0
19.0,0.0,0.0,0.0,0.0,0.0,0.0,0.0,0.0,0.0
64.0,0.0,0.0,39654.0,0.0,0.0,0.0,0.0,0.0,0.0
77.0,0.0,6.0,82881.0,3.0,0.0,3.0,0.0,0.0,0.0
47.0,0.0,0.0,0.0,0.0,0.0,0.0,0.0,0.0,0.0
66.0,0.0,3.0,80404.0,3.0,0.0,0.0,0.0,61298.35,0.0
77.0,0.0,0.0,0.0,0.0,0.0,0.0,0.0,0.0,0.0
37.0,5.0,2.0,57479.0,2.0,0.0,0.0,0.0,0.0,0.0
54.0,0.0,4.0,0.0,1.0,0.0,3.0,0.0,0.0,0.0
51.0,0.0,0.0,0.0,0.0,0.0,0.0,0.0,0.0,0.0
38.0,4.0,0.0,13000.0,0.0,0.0,0.0,0.0,0.0,0.0
31.0,7.0,15.0,153827.0,11.0,0.0,4.0,0.0,0.0,0.0
18.0,4.0,3.0,60845.0,3.0,0.0,0.0,0.0,0.0,0.0
63.0,11.0,0.0,0.0,0.0,0.0,0.0,0.0,0.0,0.0
55.0,0.0,0.0,0.0,0.0,0.0,0.0,0.0,0.0,0.0
77.0,0.0,1.0,0.0,1.0,0.0,0.0,0.0,0.0,0.0
77.0,0.0,0.0,0.0,0.0,0.0,0.0,0.0,0.0,0.0
64.0,12.0,0.0,0.0,0.0,0.0,0.0,0.0,0.0,0.0
72.0,3.0,0.0,0.0,0.0,0.0,0.0,0.0,0.0,0.0
78.0,0.0,0.0,0.0,0.0,0.0,0.0,0.0,0.0,0.0
61.0,1.0,3.0,0.0,0.0,2.0,1.0,0.0,0.0,0.0
29.0,5.0,4.0,0.0,4.0,0.0,0.0,0.0,0.0,0.0
16.0,27.0,0.0,50205.0,0.0,0.0,0.0,0.0,0.0,0.0
66.0,0.0,0.0,10700.0,0.0,0.0,0.0,0.0,0.0,0.0
28.0,10.0,0.0,0.0,0.0,0.0,0.0,0.0,0.0,0.0
16.0,0.0,4.0,0.0,4.0,0.0,0.0,0.0,0.0,0.0
77.0,19.0,0.0,0.0,0.0,0.0,0.0,0.0,0.0,0.0
3.0,0.0,0.0,0.0,0.0,0.0,0.0,0.0,0.0,1.0
61.0,0.0,0.0,0.0,0.0,0.0,0.0,0.0,0.0,0.0
73.0,0.0,1.0,0.0,1.0,0.0,0.0,0.0,0.0,0.0
66.0,0.0,0.0,0.0,0.0,0.0,0.0,0.0,0.0,0.0
50.0,0.0,1.0,82223.02,0.0,0.0,1.0,0.0,0.0,0.0
61.0,2.0,0.0,0.0,0.0,0.0,0.0,0.0,0.0,0.0
77.0,0.0,0.0,0.0,0.0,0.0,0.0,0.0,0.0,0.0
16.0,9.0,0.0,0.0,0.0,0.0,0.0,0.0,0.0,0.0
64.0,0.0,0.0,0.0,0.0,0.0,0.0,0.0,0.0,0.0
38.0,0.0,0.0,0.0,0.0,0.0,0.0,0.0,0.0,0.0
43.0,9.0,1.0,0.0,1.0,0.0,0.0,0.0,0.0,0.0
59.0,1.0,5.0,182578.0,2.0,0.0,3.0,0.0,0.0,0.0
26.0,0.0,7.0,91479.0,3.0,0.0,4.0,0.0,18860.0,0.0
73.0,0.0,3.0,151321.0,1.0,0.0,2.0,46457.12,0.0,0.0
77.0,0.0,0.0,0.0,0.0,0.0,0.0,0.0,0.0,0.0
78.0,1.0,0.0,0.0,0.0,0.0,0.0,0.0,0.0,0.0
23.0,0.0,0.0,0.0,0.0,0.0,0.0,0.0,0.0,0.0
68.0,11.0,10.0,93163.0,10.0,0.0,0.0,0.0,0.0,0.0
29.0,14.0,1.0,0.0,1.0,0.0,0.0,0.0,0.0,0.0
2.0,1.0,2.0,17009.73,1.0,0.0,1.0,0.0,5240.4,1.0
38.0,0.0,0.0,0.0,0.0,0.0,0.0,0.0,0.0,1.0
40.0,0.0,0.0,0.0,0.0,0.0,0.0,0.0,0.0,0.0
64.0,0.0,0.0,0.0,0.0,0.0,0.0,0.0,0.0,0.0
23.0,0.0,0.0,334782.0,0.0,0.0,0.0,0.0,0.0,0.0
54.0,4.0,0.0,0.0,0.0,0.0,0.0,0.0,0.0,0.0
36.0,29.0,0.0,39513.0,0.0,0.0,0.0,0.0,0.0,0.0
23.0,3.0,0.0,0.0,0.0,0.0,0.0,0.0,800.0,0.0
78.0,4.0,0.0,11146.12,0.0,0.0,0.0,0.0,0.0,0.0
78.0,0.0,0.0,0.0,0.0,0.0,0.0,0.0,0.0,0.0
60.0,0.0,23.0,191870.0,7.0,7.0,9.0,0.0,25588.52,0.0
16.0,1.0,0.0,0.0,0.0,0.0,0.0,0.0,0.0,0.0
77.0,0.0,0.0,0.0,0.0,0.0,0.0,0.0,7343.56,0.0
21.0,21.0,0.0,0.0,0.0,0.0,0.0,0.0,0.0,0.0
63.0,0.0,0.0,1.0,0.0,0.0,0.0,0.0,2271.47,0.0
22.0,0.0,1.0,3342.0,0.0,1.0,0.0,196721.98,128022.99,0.0
50.0,0.0,1.0,0.0,1.0,0.0,0.0,0.0,0.0,0.0
33.0,21.0,1.0,5676.0,0.0,0.0,1.0,0.0,0.0,0.0
56.0,24.0,0.0,20000.0,0.0,0.0,0.0,0.0,33100.87,0.0
41.0,0.0,0.0,0.0,0.0,0.0,0.0,0.0,0.0,0.0
52.0,41.0,1.0,0.0,1.0,0.0,0.0,0.0,0.0,0.0
86.0,0.0,1.0,22201.0,0.0,1.0,0.0,0.0,0.0,0.0
58.0,1.0,3.0,38084.0,1.0,0.0,2.0,0.0,0.0,0.0
91.0,0.0,0.0,0.0,0.0,0.0,0.0,0.0,0.0,0.0
39.0,0.0,0.0,0.0,0.0,0.0,0.0,0.0,0.0,0.0
2.0,1.0,2.0,17009.73,1.0,0.0,1.0,0.0,5240.4,1.0
21.0,0.0,0.0,0.0,0.0,0.0,0.0,0.0,0.0,0.0
55.0,0.0,0.0,0.0,0.0,0.0,0.0,0.0,0.0,0.0
78.0,0.0,1.0,0.0,1.0,0.0,0.0,0.0,0.0,0.0
14.0,0.0,0.0,0.0,0.0,0.0,0.0,0.0,0.0,0.0
2.0,0.0,0.0,0.0,0.0,0.0,0.0,0.0,0.0,0.0
16.0,0.0,0.0,0.0,0.0,0.0,0.0,0.0,0.0,0.0
18.0,5.0,0.0,0.0,0.0,0.0,0.0,0.0,0.0,0.0
14.0,29.0,24.0,50928.0,22.0,2.0,0.0,0.0,0.0,0.0
48.0,0.0,0.0,0.0,0.0,0.0,0.0,0.0,0.0,0.0
77.0,1.0,1.0,0.0,1.0,0.0,0.0,0.0,0.0,0.0
77.0,0.0,0.0,0.0,0.0,0.0,0.0,0.0,41697.86,0.0
16.0,18.0,5.0,19232.0,3.0,1.0,1.0,0.0,0.0,0.0
21.0,0.0,2.0,40800.0,1.0,0.0,1.0,0.0,0.0,0.0
33.0,7.0,1.0,60543.0,1.0,0.0,0.0,0.0,0.0,0.0
54.0,13.0,2.0,14055.0,2.0,0.0,0.0,0.0,0.0,0.0
36.0,0.0,0.0,0.0,0.0,0.0,0.0,0.0,0.0,0.0
35.0,6.0,1.0,0.0,1.0,0.0,0.0,0.0,61000.0,0.0
78.0,0.0,0.0,0.0,0.0,0.0,0.0,0.0,0.0,0.0
28.0,0.0,0.0,0.0,0.0,0.0,0.0,0.0,0.0,1.0
23.0,0.0,3.0,0.0,3.0,0.0,0.0,0.0,0.0,0.0
74.0,6.0,0.0,0.0,0.0,0.0,0.0,0.0,0.0,0.0
77.0,0.0,0.0,0.0,0.0,0.0,0.0,0.0,0.0,0.0
66.0,7.0,5.0,158989.0,3.0,0.0,2.0,0.0,0.0,0.0
50.0,28.0,9.0,93112.0,8.0,1.0,0.0,0.0,0.0,0.0
54.0,0.0,0.0,0.0,0.0,0.0,0.0,0.0,0.0,0.0
54.0,0.0,1.0,0.0,1.0,0.0,0.0,0.0,0.0,0.0
3.0,0.0,0.0,0.0,0.0,0.0,0.0,0.0,0.0,0.0
43.0,32.0,0.0,0.0,0.0,0.0,0.0,0.0,0.0,0.0
50.0,1.0,0.0,0.0,0.0,0.0,0.0,0.0,0.0,0.0
78.0,0.0,0.0,0.0,0.0,0.0,0.0,0.0,0.0,0.0
53.0,0.0,2.0,31298.0,2.0,0.0,0.0,0.0,0.0,0.0
26.0,0.0,0.0,0.0,0.0,0.0,0.0,0.0,0.0,0.0
23.0,0.0,0.0,0.0,0.0,0.0,0.0,0.0,0.0,0.0
59.0,0.0,0.0,0.0,0.0,0.0,0.0,0.0,3967.0,0.0
26.0,17.0,0.0,5122.0,0.0,0.0,0.0,0.0,0.0,1.0
48.0,0.0,4.0,0.0,4.0,0.0,0.0,0.0,0.0,0.0
78.0,0.0,1.0,0.0,1.0,0.0,0.0,0.0,0.0,0.0
66.0,0.0,0.0,0.0,0.0,0.0,0.0,20368.86,0.0,0.0
71.0,34.0,0.0,9000.0,0.0,0.0,0.0,0.0,0.0,0.0
11.0,40.0,0.0,21136.0,0.0,0.0,0.0,0.0,0.0,1.0
71.0,0.0,1.0,0.0,1.0,0.0,0.0,0.0,11868.18,0.0
50.0,0.0,0.0,0.0,0.0,0.0,0.0,0.0,0.0,0.0
23.0,13.0,0.0,0.0,0.0,0.0,0.0,0.0,0.0,0.0
66.0,19.0,1.0,17550.0,1.0,0.0,0.0,0.0,0.0,0.0
72.0,7.0,0.0,0.0,0.0,0.0,0.0,0.0,0.0,0.0
27.0,0.0,0.0,0.0,0.0,0.0,0.0,0.0,0.0,0.0
40.0,0.0,0.0,0.0,0.0,0.0,0.0,0.0,0.0,0.0
64.0,0.0,0.0,0.0,0.0,0.0,0.0,0.0,0.0,0.0
77.0,0.0,4.0,9273.0,1.0,0.0,3.0,0.0,0.0,0.0
42.0,13.0,3.0,73348.0,1.0,2.0,0.0,0.0,0.0,0.0
61.0,3.0,12.0,2292.0,12.0,0.0,0.0,0.0,0.0,0.0
62.0,0.0,0.0,0.0,0.0,0.0,0.0,0.0,0.0,0.0
74.0,2.0,0.0,0.0,0.0,0.0,0.0,0.0,0.0,0.0
77.0,8.0,6.0,0.0,5.0,1.0,0.0,0.0,0.0,0.0
70.0,7.0,0.0,0.0,0.0,0.0,0.0,0.0,0.0,0.0
23.0,0.0,3.0,426.0,2.0,0.0,1.0,0.0,0.0,0.0
47.0,0.0,1.0,13532.0,0.0,0.0,1.0,0.0,0.0,0.0
60.0,27.0,24.0,557905.0,11.0,4.0,9.0,0.0,0.0,0.0
55.0,0.0,0.0,0.0,0.0,0.0,0.0,0.0,0.0,0.0
23.0,0.0,3.0,745389.0,0.0,0.0,3.0,1312123.69,393177533.93,0.0
77.0,5.0,19.0,0.0,19.0,0.0,0.0,0.0,0.0,0.0
28.0,2.0,0.0,0.0,0.0,0.0,0.0,0.0,0.0,0.0
16.0,0.0,3.0,41828.0,3.0,0.0,0.0,0.0,0.0,0.0
21.0,0.0,2.0,0.0,2.0,0.0,0.0,0.0,0.0,1.0
77.0,0.0,0.0,0.0,0.0,0.0,0.0,0.0,0.0,0.0
16.0,0.0,0.0,0.0,0.0,0.0,0.0,0.0,0.0,0.0
34.0,0.0,1.0,0.0,1.0,0.0,0.0,0.0,0.0,0.0
77.0,5.0,1.0,20460.0,0.0,0.0,1.0,0.0,0.0,0.0
23.0,0.0,0.0,0.0,0.0,0.0,0.0,0.0,0.0,0.0
66.0,0.0,0.0,0.0,0.0,0.0,0.0,0.0,0.0,0.0
77.0,0.0,0.0,0.0,0.0,0.0,0.0,0.0,0.0,0.0
77.0,6.0,0.0,0.0,0.0,0.0,0.0,0.0,0.0,0.0
3.0,14.0,1.0,0.0,1.0,0.0,0.0,0.0,0.0,1.0
77.0,1.0,3.0,33813.0,1.0,2.0,0.0,0.0,25588.52,0.0
77.0,0.0,0.0,0.0,0.0,0.0,0.0,0.0,0.0,0.0
86.0,7.0,0.0,0.0,0.0,0.0,0.0,0.0,0.0,0.0
66.0,19.0,1.0,17550.0,1.0,0.0,0.0,0.0,0.0,0.0
23.0,2.0,10.0,68579.0,6.0,0.0,4.0,0.0,0.0,0.0
77.0,0.0,0.0,0.0,0.0,0.0,0.0,0.0,0.0,1.0
52.0,9.0,67.0,542809.0,58.0,3.0,6.0,0.0,65314.66,0.0
77.0,0.0,0.0,0.0,0.0,0.0,0.0,0.0,0.0,0.0
77.0,0.0,2.0,62717.0,2.0,0.0,0.0,0.0,3561.35,0.0
11.0,0.0,0.0,0.0,0.0,0.0,0.0,0.0,168580.21,0.0
2.0,0.0,1.0,158249.0,1.0,0.0,0.0,0.0,0.0,0.0
64.0,0.0,0.0,0.0,0.0,0.0,0.0,0.0,0.0,0.0
38.0,0.0,1.0,0.0,0.0,0.0,1.0,0.0,0.0,0.0
86.0,0.0,0.0,0.0,0.0,0.0,0.0,0.0,18.56,0.0
36.0,0.0,0.0,0.0,0.0,0.0,0.0,0.0,0.0,0.0
66.0,15.0,0.0,0.0,0.0,0.0,0.0,0.0,0.0,0.0
38.0,0.0,0.0,0.0,0.0,0.0,0.0,0.0,0.0,0.0
67.0,0.0,0.0,0.0,0.0,0.0,0.0,0.0,0.0,0.0
36.0,0.0,0.0,0.0,0.0,0.0,0.0,0.0,0.0,0.0
12.0,1.0,1.0,0.0,1.0,0.0,0.0,0.0,0.0,0.0
78.0,0.0,0.0,0.0,0.0,0.0,0.0,0.0,0.0,0.0
42.0,8.0,0.0,0.0,0.0,0.0,0.0,0.0,0.0,0.0
50.0,1.0,0.0,0.0,0.0,0.0,0.0,0.0,0.0,0.0
63.0,0.0,0.0,0.0,0.0,0.0,0.0,0.0,0.0,0.0
77.0,0.0,1.0,11000.0,1.0,0.0,0.0,0.0,0.0,0.0
3.0,14.0,0.0,0.0,0.0,0.0,0.0,0.0,4762.0,1.0
30.0,3.0,0.0,0.0,0.0,0.0,0.0,0.0,0.0,0.0
23.0,0.0,3.0,2000.0,1.0,1.0,1.0,0.0,800.0,0.0
55.0,3.0,6.0,37471.0,6.0,0.0,0.0,0.0,30948.0,0.0
27.0,0.0,0.0,0.0,0.0,0.0,0.0,0.0,0.0,0.0
52.0,0.0,0.0,0.0,0.0,0.0,0.0,0.0,0.0,0.0
28.0,0.0,0.0,0.0,0.0,0.0,0.0,0.0,0.0,0.0
66.0,0.0,0.0,0.0,0.0,0.0,0.0,0.0,0.0,0.0
73.0,0.0,0.0,0.0,0.0,0.0,0.0,0.0,0.0,0.0
13.0,0.0,0.0,0.0,0.0,0.0,0.0,0.0,0.0,0.0
64.0,0.0,0.0,0.0,0.0,0.0,0.0,0.0,0.0,0.0
74.0,0.0,5.0,199289.0,1.0,0.0,4.0,0.0,138545.87,0.0
23.0,0.0,6.0,0.0,6.0,0.0,0.0,0.0,0.0,0.0
71.0,0.0,0.0,0.0,0.0,0.0,0.0,0.0,0.0,0.0
27.0,0.0,0.0,0.0,0.0,0.0,0.0,0.0,0.0,0.0
23.0,12.0,0.0,0.0,0.0,0.0,0.0,0.0,0.0,0.0
58.0,5.0,0.0,0.0,0.0,0.0,0.0,0.0,0.0,0.0
71.0,0.0,17.0,0.0,15.0,1.0,1.0,0.0,0.0,0.0
50.0,3.0,0.0,2900.0,0.0,0.0,0.0,0.0,0.0,0.0
25.0,0.0,0.0,0.0,0.0,0.0,0.0,0.0,0.0,0.0
28.0,0.0,0.0,0.0,0.0,0.0,0.0,0.0,0.0,0.0
77.0,0.0,0.0,0.0,0.0,0.0,0.0,0.0,0.0,0.0
31.0,3.0,1.0,15327.0,1.0,0.0,0.0,0.0,0.0,0.0
63.0,1.0,3.0,129731.0,0.0,0.0,3.0,89902.07,0.0,0.0
52.0,0.0,9.0,107722.0,3.0,2.0,4.0,0.0,0.0,0.0
23.0,0.0,0.0,0.0,0.0,0.0,0.0,0.0,0.0,0.0
23.0,2.0,3.0,500.0,1.0,2.0,0.0,0.0,5000.0,0.0
70.0,0.0,1.0,0.0,0.0,0.0,1.0,0.0,0.0,0.0
3.0,14.0,1.0,0.0,1.0,0.0,0.0,0.0,0.0,1.0
67.0,0.0,5.0,0.0,5.0,0.0,0.0,0.0,0.0,0.0
50.0,0.0,7.0,0.0,7.0,0.0,0.0,0.0,0.0,0.0
25.0,0.0,4.0,80829.0,0.0,0.0,4.0,0.0,43730.79,0.0
34.0,5.0,3.0,21052.0,3.0,0.0,0.0,0.0,15857.36,0.0
66.0,8.0,0.0,0.0,0.0,0.0,0.0,0.0,12047.26,0.0
50.0,0.0,0.0,0.0,0.0,0.0,0.0,0.0,0.0,0.0
45.0,0.0,6.0,0.0,4.0,1.0,1.0,0.0,274256.31,0.0
77.0,0.0,0.0,0.0,0.0,0.0,0.0,0.0,0.0,0.0
41.0,0.0,0.0,0.0,0.0,0.0,0.0,0.0,183749.52,0.0
51.0,0.0,0.0,0.0,0.0,0.0,0.0,0.0,0.0,0.0
3.0,0.0,0.0,0.0,0.0,0.0,0.0,0.0,0.0,0.0
31.0,0.0,0.0,0.0,0.0,0.0,0.0,0.0,0.0,0.0
78.0,0.0,0.0,0.0,0.0,0.0,0.0,0.0,0.0,0.0
64.0,0.0,0.0,0.0,0.0,0.0,0.0,28001.14,28788.79,0.0
45.0,14.0,6.0,110200.92,5.0,0.0,1.0,0.0,0.0,1.0
72.0,0.0,1.0,3676.0,0.0,0.0,1.0,0.0,0.0,0.0
25.0,0.0,0.0,17485.0,0.0,0.0,0.0,0.0,0.0,0.0
51.0,6.0,2.0,13564.0,1.0,1.0,0.0,0.0,0.0,0.0
13.0,0.0,4.0,31245.51,0.0,0.0,4.0,0.0,0.0,0.0
61.0,0.0,10.0,162763.0,2.0,0.0,8.0,0.0,0.0,0.0
34.0,0.0,2.0,0.0,2.0,0.0,0.0,0.0,20553.14,0.0
23.0,0.0,0.0,0.0,0.0,0.0,0.0,0.0,0.0,0.0
74.0,27.0,1.0,0.0,1.0,0.0,0.0,0.0,0.0,0.0
53.0,22.0,0.0,16288.0,0.0,0.0,0.0,0.0,0.0,0.0
23.0,0.0,4.0,31008.0,2.0,1.0,1.0,0.0,0.0,0.0
24.0,0.0,1.0,0.0,0.0,1.0,0.0,0.0,1600.0,0.0
77.0,0.0,3.0,96918.0,2.0,0.0,1.0,0.0,0.0,0.0
52.0,1.0,1.0,1344.0,1.0,0.0,0.0,0.0,8173.37,0.0
50.0,0.0,1.0,0.0,1.0,0.0,0.0,0.0,0.0,0.0
74.0,3.0,0.0,47470.92,0.0,0.0,0.0,0.0,0.0,1.0
54.0,0.0,0.0,0.0,0.0,0.0,0.0,0.0,34931.99,0.0
23.0,1.0,0.0,0.0,0.0,0.0,0.0,0.0,0.0,0.0
47.0,0.0,19.0,0.0,18.0,1.0,0.0,0.0,0.0,0.0
66.0,0.0,0.0,0.0,0.0,0.0,0.0,0.0,0.0,0.0
74.0,0.0,2.0,17309.0,1.0,0.0,1.0,23418.38,19983.15,0.0
59.0,0.0,0.0,31816.69,0.0,0.0,0.0,0.0,0.0,0.0
10.0,0.0,0.0,0.0,0.0,0.0,0.0,0.0,0.0,0.0
63.0,0.0,2.0,0.0,2.0,0.0,0.0,0.0,0.0,0.0
64.0,0.0,0.0,0.0,0.0,0.0,0.0,0.0,0.0,0.0
65.0,0.0,0.0,0.0,0.0,0.0,0.0,0.0,0.0,0.0
77.0,0.0,0.0,0.0,0.0,0.0,0.0,0.0,0.0,0.0
53.0,2.0,0.0,0.0,0.0,0.0,0.0,0.0,0.0,0.0
23.0,2.0,0.0,0.0,0.0,0.0,0.0,0.0,0.0,0.0
54.0,6.0,2.0,3.57,2.0,0.0,0.0,0.0,0.0,0.0
36.0,4.0,23.0,217163.0,17.0,5.0,1.0,0.0,0.0,0.0
77.0,3.0,1.0,91048.0,0.0,0.0,1.0,0.0,0.0,0.0
77.0,12.0,1.0,0.0,1.0,0.0,0.0,0.0,0.0,0.0
29.0,0.0,0.0,0.0,0.0,0.0,0.0,0.0,30934.48,0.0
61.0,2.0,0.0,0.0,0.0,0.0,0.0,0.0,0.0,0.0
14.0,0.0,1.0,0.0,1.0,0.0,0.0,0.0,0.0,0.0
89.0,0.0,0.0,0.0,0.0,0.0,0.0,0.0,0.0,0.0
23.0,0.0,0.0,0.0,0.0,0.0,0.0,0.0,0.0,0.0
72.0,0.0,0.0,0.0,0.0,0.0,0.0,0.0,0.0,0.0
56.0,21.0,0.0,0.0,0.0,0.0,0.0,0.0,0.0,0.0
25.0,0.0,0.0,0.0,0.0,0.0,0.0,0.0,0.0,0.0
71.0,5.0,10.0,96070.0,6.0,4.0,0.0,0.0,0.0,0.0
35.0,0.0,1.0,0.0,0.0,1.0,0.0,0.0,0.0,0.0
28.0,0.0,0.0,0.0,0.0,0.0,0.0,0.0,0.0,0.0
50.0,16.0,8.0,127130.0,6.0,2.0,0.0,0.0,0.0,0.0
64.0,0.0,0.0,0.0,0.0,0.0,0.0,0.0,0.0,0.0
41.0,0.0,0.0,0.0,0.0,0.0,0.0,0.0,0.0,1.0
26.0,0.0,0.0,0.0,0.0,0.0,0.0,0.0,0.0,0.0
44.0,0.0,0.0,0.0,0.0,0.0,0.0,0.0,0.0,0.0
75.0,15.0,0.0,5792.0,0.0,0.0,0.0,0.0,0.0,1.0
70.0,0.0,0.0,0.0,0.0,0.0,0.0,0.0,0.0,0.0
52.0,0.0,1.0,0.0,0.0,0.0,1.0,0.0,0.0,0.0
77.0,9.0,1.0,74991.0,0.0,0.0,1.0,0.0,0.0,0.0
25.0,0.0,2.0,0.0,2.0,0.0,0.0,0.0,0.0,0.0
38.0,0.0,0.0,0.0,0.0,0.0,0.0,0.0,0.0,0.0
38.0,0.0,1.0,0.0,1.0,0.0,0.0,0.0,28508.0,0.0
66.0,0.0,2.0,1182.0,2.0,0.0,0.0,0.0,0.0,0.0
77.0,0.0,0.0,0.0,0.0,0.0,0.0,0.0,0.0,0.0
52.0,0.0,0.0,0.0,0.0,0.0,0.0,0.0,0.0,0.0
63.0,21.0,0.0,0.0,0.0,0.0,0.0,0.0,0.0,0.0
63.0,0.0,0.0,0.0,0.0,0.0,0.0,0.0,0.0,0.0
1.0,0.0,11.0,0.0,10.0,1.0,0.0,0.0,0.0,0.0
48.0,0.0,0.0,0.0,0.0,0.0,0.0,0.0,0.0,0.0
40.0,0.0,0.0,0.0,0.0,0.0,0.0,0.0,0.0,0.0
62.0,0.0,0.0,0.0,0.0,0.0,0.0,0.0,0.0,0.0
52.0,0.0,44.0,0.0,38.0,4.0,2.0,0.0,0.0,0.0
27.0,0.0,0.0,0.0,0.0,0.0,0.0,0.0,0.0,0.0
23.0,0.0,33.0,25530.0,24.0,6.0,3.0,0.0,39518.64,0.0
63.0,1.0,11.0,165044.0,7.0,2.0,2.0,0.0,0.0,0.0
77.0,0.0,0.0,0.0,0.0,0.0,0.0,0.0,0.0,0.0
64.0,0.0,2.0,16183.8,0.0,0.0,2.0,1.05,1999.85,0.0
67.0,28.0,1.0,25660.0,1.0,0.0,0.0,0.0,0.0,0.0
23.0,0.0,0.0,0.0,0.0,0.0,0.0,0.0,0.0,0.0
24.0,19.0,3.0,56582.0,3.0,0.0,0.0,0.0,0.0,0.0
12.0,2.0,2.0,20900.0,0.0,0.0,2.0,0.0,650.28,0.0
16.0,0.0,0.0,0.0,0.0,0.0,0.0,0.0,0.0,0.0
16.0,0.0,6.0,106816.0,0.0,0.0,6.0,0.0,0.0,0.0
77.0,8.0,2.0,5309.0,2.0,0.0,0.0,0.0,0.0,0.0
23.0,0.0,1.0,0.0,0.0,1.0,0.0,0.0,0.0,0.0
77.0,0.0,0.0,0.0,0.0,0.0,0.0,0.0,0.0,0.0
23.0,0.0,0.0,0.0,0.0,0.0,0.0,0.0,0.0,0.0
50.0,0.0,0.0,0.0,0.0,0.0,0.0,0.0,0.0,0.0
59.0,0.0,0.0,0.0,0.0,0.0,0.0,0.0,73476.89,0.0
36.0,0.0,0.0,0.0,0.0,0.0,0.0,0.0,0.0,0.0
72.0,13.0,9.0,52670.0,7.0,0.0,2.0,0.0,0.0,0.0
76.0,20.0,3.0,80071.0,3.0,0.0,0.0,0.0,0.0,0.0
41.0,0.0,6.0,804855.0,1.0,0.0,5.0,0.0,0.0,0.0
16.0,0.0,0.0,0.0,0.0,0.0,0.0,0.0,0.0,0.0
38.0,0.0,0.0,0.0,0.0,0.0,0.0,0.0,0.0,0.0
34.0,1.0,6.0,14030.0,3.0,1.0,2.0,0.0,24440.24,0.0
52.0,42.0,3.0,9500.0,3.0,0.0,0.0,0.0,0.0,0.0
86.0,0.0,0.0,0.0,0.0,0.0,0.0,0.0,0.0,0.0
30.0,7.0,0.0,0.0,0.0,0.0,0.0,0.0,0.0,0.0
50.0,0.0,0.0,0.0,0.0,0.0,0.0,0.0,0.0,0.0
45.0,1.0,0.0,0.0,0.0,0.0,0.0,0.0,0.0,0.0
29.0,1.0,3.0,126690.0,0.0,1.0,2.0,0.0,159865.79,0.0
26.0,0.0,2.0,0.0,2.0,0.0,0.0,0.0,0.0,0.0
2.0,0.0,16.0,101217.0,8.0,1.0,7.0,67747.43,7375.56,0.0
70.0,0.0,0.0,0.0,0.0,0.0,0.0,0.0,1000.0,0.0
42.0,13.0,0.0,0.0,0.0,0.0,0.0,0.0,0.0,0.0
57.0,0.0,1.0,0.0,0.0,1.0,0.0,0.0,0.0,0.0
16.0,0.0,0.0,0.0,0.0,0.0,0.0,0.0,9.75,0.0
77.0,0.0,0.0,0.0,0.0,0.0,0.0,0.0,0.0,0.0
66.0,0.0,2.0,0.0,2.0,0.0,0.0,0.0,0.0,0.0
51.0,0.0,0.0,0.0,0.0,0.0,0.0,0.0,0.0,0.0
66.0,0.0,5.0,7306.49,1.0,2.0,2.0,0.0,500.0,0.0
50.0,3.0,3.0,10901.0,2.0,0.0,1.0,0.0,2979.55,0.0
24.0,0.0,6.0,12298.0,6.0,0.0,0.0,0.0,0.0,0.0
34.0,1.0,0.0,0.0,0.0,0.0,0.0,0.0,0.0,1.0
2.0,0.0,1.0,0.0,1.0,0.0,0.0,0.0,0.0,0.0
16.0,0.0,0.0,0.0,0.0,0.0,0.0,0.0,0.0,0.0
23.0,0.0,2.0,23702.0,0.0,0.0,2.0,0.0,0.0,0.0
71.0,0.0,3.0,0.0,3.0,0.0,0.0,0.0,0.0,0.0
61.0,0.0,1.0,0.0,1.0,0.0,0.0,0.0,0.0,0.0
38.0,0.0,0.0,0.0,0.0,0.0,0.0,0.0,0.0,0.0
66.0,0.0,3.0,0.0,2.0,0.0,1.0,0.0,0.0,0.0
50.0,1.0,0.0,0.0,0.0,0.0,0.0,0.0,0.0,0.0
52.0,0.0,1.0,0.0,1.0,0.0,0.0,0.0,0.0,0.0
32.0,0.0,3.0,63705.0,2.0,0.0,1.0,0.0,13427.41,0.0
16.0,31.0,1.0,194535.0,1.0,0.0,0.0,0.0,0.0,0.0
74.0,0.0,0.0,0.0,0.0,0.0,0.0,0.0,0.0,0.0
71.0,107.0,0.0,0.0,0.0,0.0,0.0,0.0,0.0,0.0
23.0,4.0,15.0,175433.0,3.0,3.0,9.0,0.0,0.0,0.0
77.0,0.0,1.0,3930.0,0.0,0.0,1.0,0.0,0.0,0.0
11.0,0.0,3.0,0.0,1.0,1.0,1.0,0.0,0.0,0.0
72.0,17.0,0.0,0.0,0.0,0.0,0.0,0.0,0.0,0.0
63.0,0.0,1.0,3500.0,0.0,0.0,1.0,0.0,28808.7,0.0
66.0,9.0,1.0,6300.0,0.0,1.0,0.0,0.0,0.0,0.0
2.0,0.0,0.0,0.0,0.0,0.0,0.0,0.0,0.0,0.0
13.0,8.0,0.0,0.39,0.0,0.0,0.0,0.0,0.0,0.0
63.0,10.0,3.0,65278.0,3.0,0.0,0.0,0.0,0.0,0.0
23.0,0.0,0.0,0.0,0.0,0.0,0.0,0.0,0.0,0.0
77.0,0.0,0.0,0.0,0.0,0.0,0.0,0.0,0.0,0.0
22.0,0.0,0.0,0.0,0.0,0.0,0.0,0.0,0.0,0.0
66.0,2.0,0.0,0.0,0.0,0.0,0.0,0.0,0.0,0.0
77.0,0.0,2.0,0.0,2.0,0.0,0.0,0.0,0.0,0.0
23.0,0.0,0.0,0.0,0.0,0.0,0.0,0.0,0.0,0.0
25.0,0.0,0.0,0.0,0.0,0.0,0.0,0.0,0.0,0.0
56.0,10.0,2.0,19720.0,2.0,0.0,0.0,0.0,0.0,0.0
58.0,2.0,1.0,0.0,1.0,0.0,0.0,0.0,0.0,0.0
24.0,14.0,0.0,0.0,0.0,0.0,0.0,0.0,0.0,0.0
50.0,0.0,0.0,0.0,0.0,0.0,0.0,0.0,218621.6,0.0
66.0,0.0,1.0,0.0,1.0,0.0,0.0,0.0,0.0,0.0
77.0,1.0,3.0,198245.21,2.0,0.0,1.0,0.0,0.0,0.0
38.0,0.0,0.0,0.0,0.0,0.0,0.0,0.0,0.0,0.0
71.0,0.0,1.0,12370.0,1.0,0.0,0.0,0.0,0.0,0.0
77.0,0.0,0.0,0.0,0.0,0.0,0.0,0.0,0.0,0.0
61.0,4.0,2.0,17088.0,2.0,0.0,0.0,0.0,46612.54,0.0
63.0,0.0,1.0,2986.0,1.0,0.0,0.0,0.0,0.0,0.0
56.0,0.0,3.0,0.0,2.0,0.0,1.0,0.0,0.0,0.0
36.0,0.0,0.0,0.0,0.0,0.0,0.0,0.0,0.0,0.0
86.0,0.0,2.0,0.0,0.0,1.0,1.0,0.0,0.0,0.0
42.0,0.0,0.0,0.0,0.0,0.0,0.0,0.0,0.0,0.0
23.0,14.0,2.0,97563.0,0.0,2.0,0.0,0.0,0.0,0.0
77.0,0.0,0.0,0.0,0.0,0.0,0.0,0.0,0.0,0.0
16.0,20.0,2.0,0.0,2.0,0.0,0.0,0.0,0.0,0.0
23.0,0.0,0.0,0.0,0.0,0.0,0.0,0.0,930178.22,0.0
2.0,0.0,2.0,0.0,1.0,1.0,0.0,0.0,0.0,0.0
70.0,0.0,0.0,0.0,0.0,0.0,0.0,0.0,0.0,0.0
77.0,0.0,0.0,0.0,0.0,0.0,0.0,0.0,0.0,0.0
30.0,0.0,3.0,54636.0,0.0,0.0,3.0,65219.45,0.0,0.0
24.0,0.0,0.0,0.0,0.0,0.0,0.0,0.0,0.0,0.0
57.0,0.0,7.0,0.0,7.0,0.0,0.0,0.0,0.0,0.0
63.0,44.0,0.0,37564.0,0.0,0.0,0.0,0.0,0.0,0.0
38.0,0.0,0.0,0.0,0.0,0.0,0.0,0.0,0.0,0.0
28.0,0.0,0.0,0.0,0.0,0.0,0.0,0.0,0.0,0.0
30.0,0.0,1.0,0.0,1.0,0.0,0.0,0.0,0.0,0.0
47.0,0.0,1.0,0.0,0.0,1.0,0.0,0.0,0.0,0.0
40.0,21.0,12.0,126682.0,12.0,0.0,0.0,0.0,0.0,0.0
36.0,1.0,0.0,0.0,0.0,0.0,0.0,0.0,0.0,0.0
71.0,21.0,0.0,0.0,0.0,0.0,0.0,0.0,0.0,0.0
62.0,0.0,7.0,0.0,7.0,0.0,0.0,0.0,0.0,0.0
77.0,0.0,2.0,33171.0,0.0,0.0,2.0,33833.88,0.0,0.0
55.0,4.0,0.0,0.0,0.0,0.0,0.0,0.0,0.0,0.0
77.0,0.0,1.0,0.0,1.0,0.0,0.0,0.0,8443.44,0.0
27.0,0.0,0.0,0.0,0.0,0.0,0.0,3644405.62,42489.27,0.0
77.0,0.0,1.0,262786.0,1.0,0.0,0.0,0.0,0.0,0.0
74.0,0.0,0.0,0.0,0.0,0.0,0.0,0.0,0.0,0.0
62.0,0.0,0.0,0.0,0.0,0.0,0.0,0.0,0.0,0.0
61.0,2.0,1.0,6000.0,0.0,0.0,1.0,0.0,0.0,0.0
77.0,0.0,0.0,0.0,0.0,0.0,0.0,0.0,0.0,0.0
9.0,0.0,2.0,474508.0,0.0,0.0,2.0,13305.9,18038.36,0.0
78.0,39.0,4.0,4240.0,4.0,0.0,0.0,0.0,0.0,0.0
19.0,0.0,0.0,0.0,0.0,0.0,0.0,0.0,0.0,0.0
26.0,0.0,0.0,0.0,0.0,0.0,0.0,0.0,10697.61,0.0
55.0,2.0,0.0,34716.0,0.0,0.0,0.0,0.0,0.0,0.0
74.0,0.0,0.0,0.0,0.0,0.0,0.0,0.0,0.0,0.0
50.0,15.0,10.0,109302.0,10.0,0.0,0.0,0.0,0.0,0.0
59.0,3.0,0.0,0.0,0.0,0.0,0.0,0.0,0.0,0.0
30.0,2.0,0.0,0.0,0.0,0.0,0.0,0.0,0.0,0.0
62.0,0.0,0.0,0.0,0.0,0.0,0.0,0.0,0.0,1.0
66.0,0.0,0.0,0.0,0.0,0.0,0.0,0.0,0.0,0.0
48.0,2.0,0.0,0.0,0.0,0.0,0.0,0.0,0.0,0.0
63.0,0.0,0.0,0.0,0.0,0.0,0.0,0.0,0.0,0.0
14.0,0.0,0.0,0.0,0.0,0.0,0.0,0.0,0.0,0.0
74.0,4.0,0.0,0.0,0.0,0.0,0.0,0.0,0.0,0.0
34.0,0.0,0.0,0.0,0.0,0.0,0.0,0.0,0.0,0.0
74.0,44.0,0.0,0.0,0.0,0.0,0.0,0.0,0.0,0.0
76.0,0.0,0.0,0.0,0.0,0.0,0.0,0.0,0.0,0.0
52.0,0.0,0.0,0.0,0.0,0.0,0.0,0.0,0.0,0.0
52.0,20.0,3.0,66332.0,3.0,0.0,0.0,0.0,0.0,0.0
59.0,0.0,0.0,0.0,0.0,0.0,0.0,0.0,0.0,0.0
44.0,0.0,0.0,0.0,0.0,0.0,0.0,0.0,0.0,0.0
68.0,0.0,0.0,0.0,0.0,0.0,0.0,0.0,0.0,0.0
26.0,5.0,2.0,0.0,1.0,1.0,0.0,0.0,0.0,0.0
23.0,1.0,2.0,0.0,2.0,0.0,0.0,0.0,0.0,0.0
50.0,0.0,0.0,0.0,0.0,0.0,0.0,0.0,0.0,0.0
70.0,24.0,4.0,108954.0,1.0,0.0,3.0,0.0,0.0,0.0
25.0,0.0,12.0,161991.89,1.0,0.0,11.0,4626.92,9471.52,0.0
74.0,0.0,0.0,0.0,0.0,0.0,0.0,0.0,0.0,0.0
66.0,13.0,0.0,0.0,0.0,0.0,0.0,0.0,0.0,0.0
41.0,0.0,0.0,0.0,0.0,0.0,0.0,0.0,0.0,0.0
68.0,4.0,5.0,0.0,5.0,0.0,0.0,0.0,0.0,0.0
47.0,0.0,0.0,0.0,0.0,0.0,0.0,0.0,0.0,0.0
23.0,0.0,0.0,0.0,0.0,0.0,0.0,0.0,0.0,0.0
25.0,0.0,11.0,78349.0,3.0,2.0,6.0,0.0,9542.16,0.0
72.0,17.0,2.0,249581.0,2.0,0.0,0.0,0.0,0.0,0.0
63.0,0.0,3.0,89178.0,0.0,0.0,3.0,0.0,0.0,0.0
13.0,17.0,9.0,26533.0,7.0,2.0,0.0,0.0,0.0,0.0
27.0,0.0,0.0,0.0,0.0,0.0,0.0,0.0,0.0,0.0
24.0,0.0,0.0,0.0,0.0,0.0,0.0,0.0,0.0,0.0
42.0,0.0,0.0,0.0,0.0,0.0,0.0,0.0,0.0,0.0
27.0,2.0,0.0,0.0,0.0,0.0,0.0,0.0,0.0,0.0
38.0,0.0,2.0,32429.46,0.0,0.0,2.0,0.0,0.0,0.0
51.0,0.0,0.0,0.0,0.0,0.0,0.0,0.0,0.0,0.0
78.0,0.0,0.0,0.0,0.0,0.0,0.0,0.0,0.0,0.0
34.0,0.0,0.0,0.0,0.0,0.0,0.0,0.0,0.0,0.0
55.0,3.0,0.0,0.0,0.0,0.0,0.0,0.0,0.0,0.0
50.0,5.0,0.0,0.0,0.0,0.0,0.0,0.0,0.0,0.0
16.0,3.0,0.0,0.0,0.0,0.0,0.0,0.0,0.0,0.0
63.0,0.0,0.0,0.0,0.0,0.0,0.0,0.0,24756.61,0.0
72.0,0.0,1.0,14687.0,0.0,0.0,1.0,0.0,16719.57,0.0
78.0,0.0,1.0,0.0,1.0,0.0,0.0,0.0,0.0,0.0
43.0,0.0,0.0,0.0,0.0,0.0,0.0,0.0,0.0,0.0
50.0,0.0,0.0,0.0,0.0,0.0,0.0,0.0,0.0,0.0
27.0,0.0,1.0,0.0,0.0,0.0,1.0,0.0,0.0,0.0
2.0,1.0,2.0,17009.73,1.0,0.0,1.0,0.0,5240.4,1.0
34.0,44.0,0.0,0.0,0.0,0.0,0.0,0.0,0.0,0.0
61.0,0.0,4.0,20900.0,1.0,2.0,1.0,0.0,0.0,0.0
23.0,0.0,0.0,0.0,0.0,0.0,0.0,0.0,0.0,0.0
23.0,0.0,0.0,0.0,0.0,0.0,0.0,0.0,0.0,0.0
54.0,15.0,1.0,515790.0,1.0,0.0,0.0,0.0,0.0,0.0
23.0,0.0,0.0,0.0,0.0,0.0,0.0,0.0,0.0,0.0
78.0,31.0,4.0,31920.0,4.0,0.0,0.0,0.0,0.0,0.0
45.0,0.0,0.0,0.0,0.0,0.0,0.0,0.0,0.0,0.0
16.0,0.0,0.0,0.0,0.0,0.0,0.0,0.0,0.0,0.0
50.0,0.0,10.0,31207.0,9.0,0.0,1.0,0.0,0.0,0.0
38.0,1.0,1.0,8161.81,0.0,1.0,0.0,0.0,0.0,0.0
23.0,0.0,0.0,0.0,0.0,0.0,0.0,0.0,5178.58,0.0
77.0,4.0,2.0,2751.0,2.0,0.0,0.0,0.0,0.0,0.0
66.0,28.0,9.0,252094.0,7.0,1.0,1.0,0.0,0.0,0.0
48.0,4.0,0.0,0.0,0.0,0.0,0.0,0.0,15397.67,0.0
18.0,25.0,30.0,981.0,26.0,3.0,1.0,0.0,41115.89,0.0
77.0,0.0,1.0,0.0,0.0,0.0,1.0,0.0,0.0,0.0
78.0,0.0,1.0,270.0,1.0,0.0,0.0,0.0,0.0,0.0
66.0,0.0,0.0,0.0,0.0,0.0,0.0,0.0,75630.87,0.0
23.0,0.0,4.0,60887.0,3.0,1.0,0.0,0.0,0.0,0.0
56.0,0.0,3.0,74104.0,0.0,0.0,3.0,0.0,26251.48,0.0
66.0,0.0,0.0,0.0,0.0,0.0,0.0,0.0,0.0,0.0
74.0,4.0,0.0,0.0,0.0,0.0,0.0,0.0,0.0,0.0
30.0,0.0,1.0,0.0,1.0,0.0,0.0,0.0,0.0,0.0
74.0,0.0,0.0,0.0,0.0,0.0,0.0,0.0,0.0,0.0
18.0,0.0,0.0,0.0,0.0,0.0,0.0,0.0,0.0,0.0
24.0,78.0,0.0,0.0,0.0,0.0,0.0,0.0,0.0,1.0
54.0,0.0,0.0,0.0,0.0,0.0,0.0,0.0,0.0,0.0
25.0,0.0,0.0,0.0,0.0,0.0,0.0,0.0,0.0,0.0
23.0,68.0,1.0,32117.0,0.0,0.0,1.0,0.0,0.0,0.0
39.0,0.0,0.0,0.0,0.0,0.0,0.0,0.0,0.0,0.0
72.0,41.0,0.0,0.0,0.0,0.0,0.0,0.0,0.0,0.0
74.0,4.0,1.0,0.0,1.0,0.0,0.0,0.0,0.0,0.0
24.0,0.0,0.0,0.0,0.0,0.0,0.0,0.0,8684.64,0.0
24.0,0.0,0.0,0.0,0.0,0.0,0.0,0.0,0.0,0.0
41.0,0.0,0.0,0.0,0.0,0.0,0.0,0.0,0.0,0.0
2.0,1.0,0.0,0.0,0.0,0.0,0.0,0.0,500.0,0.0
66.0,24.0,10.0,14484.0,10.0,0.0,0.0,0.0,5080.83,0.0
23.0,0.0,0.0,0.0,0.0,0.0,0.0,0.0,0.0,0.0
71.0,0.0,0.0,0.0,0.0,0.0,0.0,0.0,0.0,0.0
62.0,0.0,0.0,0.0,0.0,0.0,0.0,0.0,0.0,0.0
77.0,0.0,1.0,0.0,1.0,0.0,0.0,0.0,0.0,0.0
78.0,0.0,1.0,0.0,1.0,0.0,0.0,0.0,0.0,0.0
63.0,0.0,7.0,0.0,7.0,0.0,0.0,0.0,0.0,0.0
38.0,0.0,0.0,0.0,0.0,0.0,0.0,0.0,0.0,0.0
66.0,6.0,22.0,317857.0,21.0,1.0,0.0,0.0,0.0,0.0
62.0,3.0,0.0,0.0,0.0,0.0,0.0,0.0,0.0,0.0
42.0,21.0,4.0,114308.0,4.0,0.0,0.0,0.0,0.0,0.0
86.0,0.0,6.0,82931.0,0.0,2.0,4.0,17775.92,0.0,0.0
8.0,0.0,6.0,101947.0,4.0,0.0,2.0,0.0,10000.0,0.0
25.0,0.0,0.0,0.0,0.0,0.0,0.0,0.0,0.0,0.0
16.0,0.0,0.0,0.0,0.0,0.0,0.0,0.0,0.0,0.0
64.0,0.0,1.0,0.0,1.0,0.0,0.0,0.0,0.0,0.0
72.0,0.0,0.0,0.0,0.0,0.0,0.0,0.0,0.0,0.0
50.0,0.0,2.0,64200.0,0.0,0.0,2.0,0.0,2000.0,0.0
54.0,14.0,0.0,0.0,0.0,0.0,0.0,0.0,0.0,0.0
38.0,0.0,0.0,0.0,0.0,0.0,0.0,0.0,0.0,0.0
78.0,0.0,2.0,0.0,2.0,0.0,0.0,0.0,0.0,0.0
24.0,11.0,1.0,46778.65,1.0,0.0,0.0,0.0,0.0,0.0
62.0,2.0,0.0,0.0,0.0,0.0,0.0,0.0,0.0,0.0
16.0,0.0,1.0,0.0,0.0,1.0,0.0,0.0,0.0,0.0
78.0,0.0,1.0,0.0,1.0,0.0,0.0,0.0,0.0,0.0
37.0,19.0,3.0,117375.0,3.0,0.0,0.0,0.0,0.0,0.0
50.0,12.0,0.0,0.0,0.0,0.0,0.0,0.0,0.0,0.0
61.0,2.0,5.0,16623.0,4.0,0.0,1.0,0.0,0.0,0.0
66.0,0.0,4.0,78402.0,2.0,1.0,1.0,0.0,0.0,0.0
63.0,0.0,0.0,0.0,0.0,0.0,0.0,0.0,0.0,0.0
77.0,0.0,0.0,0.0,0.0,0.0,0.0,0.0,0.0,0.0
54.0,1.0,0.0,0.0,0.0,0.0,0.0,0.0,0.0,0.0
78.0,0.0,2.0,0.0,2.0,0.0,0.0,0.0,0.0,0.0
27.0,11.0,0.0,0.0,0.0,0.0,0.0,0.0,0.0,0.0
77.0,1.0,2.0,0.0,0.0,0.0,2.0,0.0,0.0,0.0
45.0,0.0,0.0,0.0,0.0,0.0,0.0,0.0,0.0,0.0
73.0,0.0,0.0,0.0,0.0,0.0,0.0,0.0,0.0,0.0
40.0,0.0,1.0,0.0,1.0,0.0,0.0,0.0,0.0,0.0
32.0,12.0,1.0,3125.0,1.0,0.0,0.0,0.0,0.0,0.0
74.0,0.0,2.0,5309.0,0.0,0.0,2.0,0.0,68883.95,0.0
63.0,0.0,0.0,0.0,0.0,0.0,0.0,0.0,0.0,0.0
76.0,0.0,0.0,0.0,0.0,0.0,0.0,0.0,0.0,0.0
77.0,0.0,0.0,0.0,0.0,0.0,0.0,0.0,0.0,0.0
52.0,0.0,1.0,5200.0,0.0,0.0,1.0,0.0,0.0,0.0
63.0,0.0,0.0,0.0,0.0,0.0,0.0,0.0,0.0,0.0
50.0,0.0,19.0,0.0,19.0,0.0,0.0,0.0,113487.82,0.0
26.0,16.0,0.0,0.0,0.0,0.0,0.0,0.0,0.0,0.0
50.0,11.0,0.0,0.0,0.0,0.0,0.0,0.0,0.0,0.0
52.0,0.0,0.0,0.0,0.0,0.0,0.0,0.0,0.0,0.0
66.0,14.0,6.0,133495.0,5.0,0.0,1.0,0.0,0.0,0.0
50.0,0.0,2.0,1050846.13,0.0,0.0,2.0,0.0,66286.0,0.0
2.0,0.0,17.0,95616.0,9.0,1.0,7.0,0.0,3000.0,0.0
2.0,0.0,1.0,0.0,1.0,0.0,0.0,0.0,0.0,0.0
2.0,9.0,1.0,4826.0,0.0,0.0,1.0,0.0,0.0,0.0
46.0,0.0,0.0,0.0,0.0,0.0,0.0,0.0,0.0,0.0
77.0,0.0,2.0,0.0,1.0,0.0,1.0,0.0,0.0,0.0
38.0,0.0,0.0,0.0,0.0,0.0,0.0,0.0,0.0,0.0
78.0,0.0,0.0,0.0,0.0,0.0,0.0,0.0,0.0,0.0
54.0,0.0,0.0,0.0,0.0,0.0,0.0,0.0,0.0,0.0
72.0,14.0,0.0,0.0,0.0,0.0,0.0,0.0,0.0,0.0
26.0,3.0,5.0,10772.0,5.0,0.0,0.0,0.0,0.0,0.0
3.0,14.0,0.0,0.0,0.0,0.0,0.0,0.0,4762.0,1.0
34.0,15.0,18.0,116.0,18.0,0.0,0.0,0.0,0.0,0.0
77.0,0.0,0.0,0.0,0.0,0.0,0.0,0.0,0.0,0.0
28.0,0.0,0.0,0.0,0.0,0.0,0.0,0.0,0.0,1.0
86.0,0.0,0.0,0.0,0.0,0.0,0.0,0.0,0.0,0.0
39.0,1.0,0.0,27232.34,0.0,0.0,0.0,0.0,0.0,1.0
16.0,0.0,0.0,0.0,0.0,0.0,0.0,0.0,0.0,0.0
54.0,0.0,0.0,0.0,0.0,0.0,0.0,0.0,0.0,0.0
14.0,0.0,0.0,0.0,0.0,0.0,0.0,0.0,0.0,0.0
77.0,0.0,0.0,0.0,0.0,0.0,0.0,0.0,127045.3,0.0
70.0,0.0,1.0,4203.94,0.0,0.0,1.0,0.0,0.0,0.0
77.0,0.0,0.0,0.0,0.0,0.0,0.0,0.0,0.0,1.0
52.0,4.0,0.0,0.0,0.0,0.0,0.0,0.0,0.0,0.0
63.0,8.0,2.0,73913.0,1.0,0.0,1.0,0.0,0.0,1.0
16.0,0.0,16.0,11383.0,16.0,0.0,0.0,0.0,71160.38,0.0
38.0,0.0,0.0,0.0,0.0,0.0,0.0,0.0,0.0,0.0
74.0,4.0,2.0,45554.0,1.0,0.0,1.0,0.0,0.0,0.0
76.0,0.0,2.0,7187.0,0.0,0.0,2.0,0.0,0.0,0.0
40.0,0.0,0.0,0.0,0.0,0.0,0.0,0.0,0.0,0.0
54.0,0.0,0.0,0.0,0.0,0.0,0.0,0.0,0.0,0.0
77.0,0.0,0.0,0.0,0.0,0.0,0.0,0.0,0.0,0.0
72.0,0.0,1.0,0.0,0.0,0.0,1.0,0.0,0.0,0.0
41.0,0.0,0.0,0.0,0.0,0.0,0.0,0.0,0.0,0.0
70.0,31.0,0.0,0.0,0.0,0.0,0.0,0.0,0.0,0.0
38.0,0.0,9.0,0.0,2.0,0.0,7.0,0.0,0.0,0.0
48.0,0.0,2.0,15500.0,2.0,0.0,0.0,0.0,0.0,0.0
74.0,3.0,0.0,47470.92,0.0,0.0,0.0,0.0,0.0,1.0
3.0,0.0,0.0,0.0,0.0,0.0,0.0,0.0,0.0,1.0
38.0,0.0,3.0,7600.0,1.0,0.0,2.0,0.0,0.0,0.0
40.0,0.0,0.0,0.0,0.0,0.0,0.0,0.0,0.0,0.0
38.0,0.0,0.0,0.0,0.0,0.0,0.0,0.0,0.0,0.0
66.0,0.0,0.0,5000.0,0.0,0.0,0.0,0.0,0.0,1.0
11.0,0.0,0.0,0.0,0.0,0.0,0.0,0.0,0.0,1.0
75.0,3.0,0.0,0.0,0.0,0.0,0.0,0.0,0.0,0.0
18.0,0.0,0.0,0.0,0.0,0.0,0.0,0.0,0.0,0.0
23.0,2.0,5.0,16424.0,2.0,1.0,2.0,0.0,0.0,0.0
23.0,0.0,6.0,117834.0,0.0,1.0,5.0,0.0,0.0,0.0
66.0,0.0,0.0,0.0,0.0,0.0,0.0,0.0,0.0,0.0
63.0,0.0,3.0,15202.0,3.0,0.0,0.0,0.0,0.0,0.0
76.0,0.0,0.0,0.0,0.0,0.0,0.0,0.0,0.0,0.0
23.0,4.0,22.0,10949.0,20.0,1.0,1.0,0.0,0.0,0.0
2.0,1.0,1.0,0.0,1.0,0.0,0.0,0.0,0.0,0.0
14.0,0.0,0.0,0.0,0.0,0.0,0.0,0.0,0.0,0.0
77.0,0.0,0.0,0.0,0.0,0.0,0.0,0.0,0.0,0.0
61.0,0.0,0.0,0.0,0.0,0.0,0.0,0.0,0.0,0.0
60.0,0.0,0.0,0.0,0.0,0.0,0.0,0.0,0.0,0.0
25.0,0.0,1.0,18503.0,0.0,0.0,1.0,0.0,91240.31,0.0
55.0,3.0,1.0,10700.0,1.0,0.0,0.0,0.0,14543.85,0.0
77.0,0.0,0.0,0.0,0.0,0.0,0.0,0.0,0.0,0.0
39.0,0.0,0.0,0.0,0.0,0.0,0.0,0.0,0.0,0.0
78.0,0.0,1.0,0.0,1.0,0.0,0.0,0.0,0.0,0.0
3.0,0.0,0.0,0.0,0.0,0.0,0.0,0.0,0.0,0.0
45.0,0.0,1.0,14934.0,1.0,0.0,0.0,0.0,0.0,0.0
75.0,15.0,0.0,5792.0,0.0,0.0,0.0,0.0,0.0,1.0
76.0,0.0,0.0,0.0,0.0,0.0,0.0,0.0,0.0,0.0
71.0,0.0,2.0,166461.0,1.0,0.0,1.0,0.0,0.0,0.0
74.0,0.0,16.0,1106.0,13.0,2.0,1.0,0.0,3872.48,0.0
23.0,1.0,1.0,61982.0,0.0,0.0,1.0,0.0,0.0,0.0
70.0,5.0,1.0,0.0,1.0,0.0,0.0,0.0,0.0,0.0
18.0,30.0,2.0,54119.0,1.0,1.0,0.0,0.0,0.0,0.0
38.0,0.0,0.0,0.0,0.0,0.0,0.0,0.0,77409.08,0.0
43.0,0.0,3.0,78766.0,0.0,0.0,3.0,0.0,0.0,0.0
23.0,4.0,0.0,60951.38,0.0,0.0,0.0,0.0,3240.73,0.0
59.0,0.0,0.0,0.0,0.0,0.0,0.0,0.0,0.0,0.0
57.0,0.0,0.0,0.0,0.0,0.0,0.0,0.0,0.0,0.0
38.0,0.0,0.0,0.0,0.0,0.0,0.0,0.0,0.0,0.0
41.0,5.0,0.0,0.0,0.0,0.0,0.0,0.0,0.0,0.0
48.0,0.0,4.0,0.0,3.0,1.0,0.0,0.0,0.0,0.0
16.0,0.0,0.0,0.0,0.0,0.0,0.0,0.0,0.0,0.0
32.0,0.0,1.0,132885.0,0.0,0.0,1.0,0.0,16167.85,0.0
55.0,0.0,0.0,0.0,0.0,0.0,0.0,0.0,0.0,0.0
78.0,0.0,0.0,0.0,0.0,0.0,0.0,0.0,0.0,0.0
64.0,2.0,2.0,732.0,0.0,0.0,2.0,0.0,0.0,0.0
16.0,0.0,6.0,79774.0,0.0,0.0,6.0,12716.85,0.0,0.0
78.0,0.0,0.0,0.0,0.0,0.0,0.0,0.0,0.0,0.0
66.0,0.0,0.0,0.0,0.0,0.0,0.0,0.0,0.0,0.0
2.0,6.0,0.0,8168.0,0.0,0.0,0.0,0.0,0.0,0.0
62.0,0.0,0.0,0.0,0.0,0.0,0.0,0.0,0.0,0.0
77.0,0.0,0.0,0.0,0.0,0.0,0.0,0.0,0.0,1.0
78.0,2.0,0.0,0.0,0.0,0.0,0.0,0.0,0.0,0.0
25.0,0.0,0.0,0.0,0.0,0.0,0.0,0.0,0.0,0.0
18.0,60.0,0.0,0.0,0.0,0.0,0.0,0.0,0.0,0.0
24.0,0.0,0.0,0.0,0.0,0.0,0.0,0.0,0.0,0.0
71.0,0.0,0.0,0.0,0.0,0.0,0.0,0.0,0.0,0.0
66.0,0.0,3.0,32614.0,0.0,0.0,3.0,0.0,0.0,0.0
29.0,0.0,0.0,0.0,0.0,0.0,0.0,0.0,0.0,0.0
54.0,0.0,1.0,0.0,1.0,0.0,0.0,0.0,0.0,0.0
23.0,0.0,0.0,0.0,0.0,0.0,0.0,0.0,0.0,0.0
37.0,81.0,0.0,13098.0,0.0,0.0,0.0,0.0,0.0,0.0
16.0,0.0,0.0,0.0,0.0,0.0,0.0,0.0,0.0,0.0
52.0,36.0,5.0,33442.0,4.0,1.0,0.0,0.0,0.0,0.0
2.0,0.0,0.0,0.0,0.0,0.0,0.0,0.0,0.0,0.0
74.0,0.0,6.0,56772.0,4.0,0.0,2.0,0.0,86830.76,0.0
27.0,0.0,1.0,0.0,1.0,0.0,0.0,0.0,0.0,1.0
72.0,32.0,2.0,52464.0,0.0,0.0,2.0,0.0,0.0,0.0
23.0,0.0,0.0,0.0,0.0,0.0,0.0,0.0,0.0,0.0
21.0,15.0,22.0,243598.0,20.0,2.0,0.0,0.0,0.0,0.0
40.0,0.0,1.0,0.0,1.0,0.0,0.0,0.0,0.0,0.0
64.0,19.0,7.0,83492.0,6.0,0.0,1.0,45775.0,0.0,0.0
66.0,0.0,0.0,0.0,0.0,0.0,0.0,0.0,0.0,0.0
39.0,11.0,14.0,41911.0,14.0,0.0,0.0,0.0,0.0,0.0
40.0,0.0,18.0,144937.0,13.0,1.0,4.0,0.0,0.0,0.0
26.0,0.0,0.0,0.0,0.0,0.0,0.0,0.0,0.0,0.0
61.0,7.0,0.0,0.0,0.0,0.0,0.0,0.0,0.0,0.0
29.0,0.0,0.0,0.0,0.0,0.0,0.0,0.0,0.0,0.0
23.0,0.0,0.0,0.0,0.0,0.0,0.0,47522.41,0.0,0.0
74.0,8.0,0.0,0.0,0.0,0.0,0.0,0.0,0.0,0.0
43.0,0.0,0.0,0.0,0.0,0.0,0.0,0.0,0.0,0.0
21.0,2.0,0.0,11000.0,0.0,0.0,0.0,0.0,0.0,0.0
16.0,21.0,6.0,238552.0,6.0,0.0,0.0,0.0,11583.34,0.0
21.0,12.0,18.0,202796.0,11.0,3.0,4.0,0.0,0.0,0.0
25.0,0.0,0.0,0.0,0.0,0.0,0.0,0.0,0.0,0.0
55.0,0.0,0.0,0.0,0.0,0.0,0.0,0.0,0.0,0.0
36.0,1.0,1.0,0.0,0.0,0.0,1.0,0.0,0.0,0.0
39.0,0.0,0.0,0.0,0.0,0.0,0.0,0.0,0.0,0.0
10.0,0.0,0.0,0.0,0.0,0.0,0.0,0.0,0.0,0.0
24.0,12.0,1.0,32937.0,0.0,0.0,1.0,0.0,0.0,0.0
77.0,0.0,0.0,0.0,0.0,0.0,0.0,0.0,0.0,0.0
63.0,19.0,1.0,86687.32,1.0,0.0,0.0,0.0,0.0,0.0
71.0,0.0,0.0,0.0,0.0,0.0,0.0,0.0,0.0,0.0
66.0,8.0,0.0,58795.0,0.0,0.0,0.0,0.0,0.0,0.0
23.0,1.0,3.0,0.0,0.0,3.0,0.0,0.0,0.0,0.0
74.0,0.0,0.0,0.0,0.0,0.0,0.0,0.0,0.0,0.0
48.0,31.0,2.0,52353.0,1.0,0.0,1.0,0.0,0.0,0.0
50.0,0.0,5.0,89589.0,4.0,1.0,0.0,0.0,0.0,0.0
40.0,0.0,0.0,0.0,0.0,0.0,0.0,0.0,0.0,0.0
63.0,0.0,0.0,16745.0,0.0,0.0,0.0,0.0,0.0,0.0
55.0,1.0,0.0,41433.0,0.0,0.0,0.0,0.0,1877.13,0.0
63.0,0.0,0.0,0.0,0.0,0.0,0.0,0.0,0.0,0.0
34.0,0.0,0.0,0.0,0.0,0.0,0.0,0.0,0.0,0.0
30.0,7.0,26.0,153508.0,13.0,4.0,9.0,0.0,21489.93,0.0
59.0,0.0,0.0,0.0,0.0,0.0,0.0,0.0,0.0,0.0
66.0,31.0,17.0,163167.0,10.0,2.0,5.0,0.0,0.0,0.0
71.0,2.0,1.0,20454.0,0.0,0.0,1.0,0.0,0.0,0.0
78.0,0.0,2.0,0.0,2.0,0.0,0.0,0.0,0.0,1.0
38.0,0.0,0.0,0.0,0.0,0.0,0.0,0.0,0.0,0.0
24.0,0.0,26.0,0.0,26.0,0.0,0.0,0.0,0.0,0.0
78.0,0.0,3.0,0.0,3.0,0.0,0.0,0.0,0.0,0.0
25.0,0.0,0.0,0.0,0.0,0.0,0.0,0.0,0.0,0.0
1.0,0.0,0.0,0.0,0.0,0.0,0.0,0.0,0.0,0.0
36.0,0.0,1.0,0.0,1.0,0.0,0.0,0.0,0.0,0.0
71.0,0.0,0.0,0.0,0.0,0.0,0.0,0.0,220.82,0.0
16.0,3.0,5.0,6250.0,3.0,0.0,2.0,0.0,0.0,0.0
54.0,51.0,2.0,0.0,1.0,1.0,0.0,0.0,0.0,0.0
18.0,3.0,27.0,158113.0,18.0,3.0,6.0,0.0,0.0,0.0
36.0,0.0,1.0,193666.0,0.0,0.0,1.0,0.0,0.0,0.0
76.0,0.0,3.0,0.0,2.0,0.0,1.0,0.0,0.0,0.0
63.0,2.0,1.0,17659.0,1.0,0.0,0.0,0.0,0.0,0.0
34.0,47.0,14.0,161588.0,14.0,0.0,0.0,0.0,0.0,0.0
77.0,16.0,41.0,534521.0,19.0,13.0,9.0,0.0,0.0,0.0
50.0,0.0,0.0,0.0,0.0,0.0,0.0,0.0,3643.59,0.0
16.0,0.0,0.0,0.0,0.0,0.0,0.0,0.0,0.0,0.0
66.0,25.0,8.0,207719.0,6.0,0.0,2.0,0.0,0.0,0.0
51.0,7.0,8.0,75818.0,3.0,1.0,4.0,0.0,0.0,0.0
74.0,0.0,0.0,0.0,0.0,0.0,0.0,0.0,0.0,0.0
63.0,0.0,0.0,0.0,0.0,0.0,0.0,0.0,0.0,0.0
18.0,0.0,0.0,0.0,0.0,0.0,0.0,0.0,0.0,0.0
16.0,0.0,0.0,0.0,0.0,0.0,0.0,0.0,0.0,0.0
61.0,0.0,0.0,0.0,0.0,0.0,0.0,0.0,0.0,0.0
38.0,0.0,0.0,0.0,0.0,0.0,0.0,0.0,371.87,0.0
25.0,4.0,0.0,0.0,0.0,0.0,0.0,0.0,0.0,0.0
41.0,0.0,0.0,0.0,0.0,0.0,0.0,0.0,0.0,1.0
47.0,0.0,0.0,0.0,0.0,0.0,0.0,0.0,0.0,0.0
77.0,0.0,0.0,0.0,0.0,0.0,0.0,0.0,0.0,0.0
75.0,0.0,21.0,0.0,19.0,2.0,0.0,0.0,0.0,0.0
11.0,0.0,0.0,0.0,0.0,0.0,0.0,0.0,0.0,1.0
59.0,0.0,0.0,0.0,0.0,0.0,0.0,575173.13,38891.85,0.0
25.0,1.0,3.0,273220.0,0.0,0.0,3.0,0.0,14124.44,0.0
61.0,0.0,0.0,0.0,0.0,0.0,0.0,0.0,0.0,0.0
59.0,19.0,0.0,0.0,0.0,0.0,0.0,0.0,0.0,0.0
47.0,0.0,1.0,0.0,0.0,0.0,1.0,0.0,0.0,0.0
77.0,0.0,0.0,0.0,0.0,0.0,0.0,0.0,0.0,0.0
78.0,0.0,0.0,0.0,0.0,0.0,0.0,0.0,0.0,0.0
77.0,0.0,0.0,0.0,0.0,0.0,0.0,0.0,200.0,0.0
25.0,0.0,1.0,0.0,0.0,0.0,1.0,0.0,0.0,0.0
63.0,0.0,0.0,0.0,0.0,0.0,0.0,0.0,0.0,0.0
71.0,0.0,0.0,0.0,0.0,0.0,0.0,19064.05,454301.41,0.0
78.0,0.0,0.0,0.0,0.0,0.0,0.0,0.0,0.0,0.0
77.0,34.0,15.0,69780.0,14.0,1.0,0.0,0.0,0.0,0.0
24.0,0.0,5.0,71754.0,1.0,1.0,3.0,53885.47,0.0,0.0
50.0,11.0,2.0,28735.4,1.0,1.0,0.0,0.0,0.0,0.0
42.0,0.0,1.0,14121.0,0.0,0.0,1.0,0.0,0.0,0.0
25.0,1.0,9.0,0.0,9.0,0.0,0.0,0.0,0.0,0.0
23.0,0.0,0.0,0.0,0.0,0.0,0.0,0.0,0.0,0.0
48.0,0.0,0.0,0.0,0.0,0.0,0.0,0.0,0.0,0.0
78.0,0.0,9.0,153701.0,4.0,1.0,4.0,0.0,0.0,0.0
50.0,0.0,1.0,15797.0,0.0,1.0,0.0,0.0,0.0,0.0
31.0,0.0,0.0,0.0,0.0,0.0,0.0,0.0,0.0,0.0
2.0,4.0,0.0,0.0,0.0,0.0,0.0,0.0,0.0,0.0
10.0,1.0,1.0,41093.6,1.0,0.0,0.0,0.0,0.0,0.0
48.0,0.0,0.0,0.0,0.0,0.0,0.0,0.0,0.0,0.0
74.0,1.0,1.0,3147.0,0.0,1.0,0.0,0.0,0.0,0.0
86.0,0.0,10.0,136682.0,2.0,0.0,8.0,81969.61,0.0,0.0
37.0,39.0,7.0,62469.0,7.0,0.0,0.0,0.0,0.0,0.0
78.0,0.0,0.0,0.0,0.0,0.0,0.0,0.0,0.0,0.0
39.0,0.0,0.0,0.0,0.0,0.0,0.0,0.0,0.0,0.0
11.0,2.0,0.0,0.0,0.0,0.0,0.0,35353.15,20724.5,0.0
13.0,0.0,0.0,0.0,0.0,0.0,0.0,0.0,0.0,0.0
77.0,25.0,0.0,0.0,0.0,0.0,0.0,0.0,0.0,0.0
23.0,0.0,0.0,0.0,0.0,0.0,0.0,0.0,0.0,0.0
18.0,0.0,0.0,0.0,0.0,0.0,0.0,0.0,0.0,0.0
54.0,28.0,1.0,0.0,1.0,0.0,0.0,0.0,0.0,1.0
78.0,0.0,2.0,194060.0,1.0,0.0,1.0,0.0,0.0,0.0
77.0,1.0,0.0,0.0,0.0,0.0,0.0,0.0,0.0,0.0
58.0,19.0,20.0,219655.0,19.0,1.0,0.0,0.0,0.0,0.0
68.0,0.0,1.0,0.0,1.0,0.0,0.0,0.0,0.0,0.0
61.0,0.0,5.0,84875.0,4.0,1.0,0.0,0.0,0.0,0.0
77.0,0.0,0.0,0.0,0.0,0.0,0.0,0.0,0.0,0.0
76.0,6.0,1.0,10993.0,1.0,0.0,0.0,0.0,0.0,0.0
77.0,0.0,0.0,0.0,0.0,0.0,0.0,0.0,500.0,0.0
62.0,9.0,0.0,0.0,0.0,0.0,0.0,0.0,0.0,0.0
31.0,0.0,1.0,15721.0,1.0,0.0,0.0,0.0,0.0,0.0
33.0,0.0,2.0,39219.0,2.0,0.0,0.0,0.0,0.0,0.0
78.0,0.0,0.0,0.0,0.0,0.0,0.0,0.0,0.0,0.0
59.0,2.0,0.0,0.0,0.0,0.0,0.0,0.0,0.0,0.0
72.0,1.0,1.0,6002.0,1.0,0.0,0.0,0.0,13864.14,0.0
50.0,0.0,1.0,0.0,1.0,0.0,0.0,0.0,0.0,0.0
74.0,0.0,0.0,0.0,0.0,0.0,0.0,0.0,8693.25,0.0
77.0,0.0,9.0,0.0,8.0,1.0,0.0,0.0,0.0,0.0
3.0,0.0,0.0,0.0,0.0,0.0,0.0,0.0,0.0,1.0
78.0,0.0,1.0,0.0,1.0,0.0,0.0,0.0,0.0,0.0
64.0,0.0,0.0,0.0,0.0,0.0,0.0,0.0,0.0,0.0
72.0,6.0,23.0,259479.0,16.0,6.0,1.0,0.0,0.0,0.0
16.0,0.0,0.0,0.0,0.0,0.0,0.0,0.0,0.0,0.0
38.0,2.0,0.0,0.0,0.0,0.0,0.0,0.0,0.0,0.0
34.0,0.0,0.0,0.0,0.0,0.0,0.0,0.0,0.0,0.0
24.0,0.0,4.0,28210.0,4.0,0.0,0.0,0.0,26968.92,0.0
61.0,3.0,85.0,16936.0,83.0,1.0,1.0,0.0,0.0,0.0
76.0,6.0,0.0,681.0,0.0,0.0,0.0,0.0,0.0,0.0
8.0,0.0,0.0,0.0,0.0,0.0,0.0,0.0,0.0,0.0
55.0,20.0,14.0,41937.0,3.0,3.0,8.0,0.0,0.0,0.0
86.0,35.0,2.0,155339.0,1.0,0.0,1.0,0.0,0.0,0.0
22.0,3.0,0.0,0.0,0.0,0.0,0.0,0.0,0.0,0.0
22.0,0.0,0.0,0.0,0.0,0.0,0.0,0.0,0.0,0.0
62.0,0.0,1.0,20250.0,0.0,0.0,1.0,0.0,0.0,0.0
77.0,0.0,0.0,9857.0,0.0,0.0,0.0,0.0,0.0,0.0
55.0,0.0,0.0,0.0,0.0,0.0,0.0,0.0,0.0,0.0
64.0,0.0,0.0,0.0,0.0,0.0,0.0,0.0,200.0,0.0
25.0,0.0,0.0,0.0,0.0,0.0,0.0,0.0,0.0,0.0
66.0,13.0,1.0,0.0,1.0,0.0,0.0,0.0,0.0,0.0
34.0,19.0,0.0,0.0,0.0,0.0,0.0,0.0,0.0,0.0
78.0,38.0,1.0,57192.0,0.0,0.0,1.0,0.0,0.0,0.0
71.0,0.0,0.0,0.0,0.0,0.0,0.0,0.0,0.0,1.0
50.0,1.0,6.0,177192.0,6.0,0.0,0.0,0.0,0.0,0.0
14.0,26.0,7.0,66017.0,6.0,1.0,0.0,0.0,0.0,0.0
58.0,0.0,2.0,82228.0,0.0,0.0,2.0,0.0,0.0,0.0
59.0,0.0,0.0,0.0,0.0,0.0,0.0,0.0,0.0,0.0
37.0,0.0,0.0,0.0,0.0,0.0,0.0,0.0,0.0,0.0
33.0,0.0,0.0,0.0,0.0,0.0,0.0,67105.62,457899.51,0.0
42.0,0.0,0.0,0.0,0.0,0.0,0.0,0.0,0.0,0.0
38.0,0.0,32.0,653389.0,2.0,2.0,28.0,0.0,4111.67,0.0
27.0,4.0,0.0,0.0,0.0,0.0,0.0,0.0,0.0,1.0
23.0,0.0,1.0,0.0,1.0,0.0,0.0,0.0,0.0,0.0
55.0,0.0,0.0,0.0,0.0,0.0,0.0,0.0,0.0,0.0
16.0,57.0,13.0,20880.0,13.0,0.0,0.0,0.0,0.0,0.0
67.0,14.0,11.0,0.0,10.0,0.0,1.0,0.0,0.0,0.0
16.0,2.0,0.0,33570.0,0.0,0.0,0.0,0.0,0.0,0.0
31.0,0.0,3.0,52842.0,1.0,0.0,2.0,0.0,45726.76,0.0
78.0,0.0,1.0,0.0,1.0,0.0,0.0,0.0,0.0,0.0
40.0,0.0,0.0,0.0,0.0,0.0,0.0,0.0,0.0,0.0
16.0,0.0,0.0,0.0,0.0,0.0,0.0,0.0,0.0,0.0
52.0,0.0,12.0,0.0,12.0,0.0,0.0,0.0,0.0,0.0
77.0,0.0,1.0,0.0,0.0,0.0,1.0,0.0,0.0,0.0
66.0,23.0,1.0,0.0,1.0,0.0,0.0,0.0,0.0,0.0
75.0,3.0,2.0,21627.0,0.0,0.0,2.0,0.0,6787.17,0.0
66.0,0.0,0.0,0.0,0.0,0.0,0.0,0.0,0.0,0.0
34.0,0.0,2.0,88454.0,0.0,0.0,2.0,0.0,1000.0,0.0
23.0,9.0,2.0,0.0,0.0,2.0,0.0,0.0,0.0,0.0
29.0,0.0,0.0,0.0,0.0,0.0,0.0,0.0,0.0,0.0
71.0,0.0,0.0,0.0,0.0,0.0,0.0,0.0,0.0,0.0
52.0,1.0,0.0,3000.0,0.0,0.0,0.0,0.0,18332.83,0.0
24.0,0.0,0.0,0.0,0.0,0.0,0.0,0.0,0.0,0.0
66.0,0.0,0.0,0.0,0.0,0.0,0.0,0.0,0.0,0.0
66.0,0.0,1.0,47539.03,0.0,0.0,1.0,0.0,0.0,1.0
28.0,0.0,0.0,0.0,0.0,0.0,0.0,0.0,0.0,0.0
78.0,0.0,0.0,0.0,0.0,0.0,0.0,0.0,0.0,0.0
66.0,0.0,0.0,0.0,0.0,0.0,0.0,0.0,0.0,0.0
78.0,1.0,0.0,0.0,0.0,0.0,0.0,0.0,0.0,0.0
61.0,0.0,9.0,98708.0,3.0,4.0,2.0,0.0,0.0,0.0
23.0,19.0,0.0,0.0,0.0,0.0,0.0,0.0,0.0,0.0
73.0,6.0,0.0,0.0,0.0,0.0,0.0,0.0,0.0,0.0
28.0,0.0,0.0,0.0,0.0,0.0,0.0,0.0,0.0,1.0
61.0,0.0,6.0,195319.0,1.0,0.0,5.0,0.0,0.0,0.0
66.0,0.0,2.0,0.0,1.0,0.0,1.0,0.0,0.0,0.0
66.0,0.0,0.0,0.0,0.0,0.0,0.0,0.0,1059.45,0.0
18.0,1.0,0.0,0.0,0.0,0.0,0.0,0.0,0.0,0.0
62.0,0.0,0.0,0.0,0.0,0.0,0.0,0.0,0.0,1.0
26.0,0.0,0.0,0.0,0.0,0.0,0.0,0.0,0.0,0.0
63.0,0.0,2.0,2398.0,2.0,0.0,0.0,0.0,0.0,0.0
76.0,0.0,1.0,3740.0,0.0,1.0,0.0,0.0,0.0,0.0
50.0,40.0,8.0,96313.0,8.0,0.0,0.0,0.0,0.0,0.0
33.0,31.0,0.0,0.0,0.0,0.0,0.0,0.0,0.0,0.0
77.0,0.0,0.0,0.0,0.0,0.0,0.0,0.0,0.0,0.0
27.0,0.0,0.0,0.0,0.0,0.0,0.0,0.0,0.0,0.0
38.0,0.0,0.0,0.0,0.0,0.0,0.0,0.0,0.0,0.0
3.0,4.0,3.0,19860.0,2.0,1.0,0.0,0.0,0.0,0.0
54.0,6.0,2.0,26732.0,1.0,0.0,1.0,0.0,0.0,0.0
55.0,0.0,0.0,0.0,0.0,0.0,0.0,0.0,0.0,0.0
77.0,0.0,0.0,0.0,0.0,0.0,0.0,0.0,0.0,0.0
16.0,11.0,2.0,2650.0,2.0,0.0,0.0,0.0,0.0,0.0
23.0,0.0,0.0,0.0,0.0,0.0,0.0,0.0,0.0,0.0
50.0,1.0,2.0,0.0,1.0,0.0,1.0,0.0,0.0,0.0
63.0,0.0,0.0,0.0,0.0,0.0,0.0,0.0,0.0,0.0
78.0,49.0,0.0,0.0,0.0,0.0,0.0,0.0,0.0,0.0
34.0,11.0,0.0,0.0,0.0,0.0,0.0,0.0,0.0,0.0
74.0,1.0,2.0,9780.0,2.0,0.0,0.0,0.0,0.0,0.0
24.0,0.0,3.0,26782.14,3.0,0.0,0.0,0.0,0.0,0.0
2.0,1.0,3.0,0.0,3.0,0.0,0.0,0.0,0.0,0.0
56.0,0.0,2.0,16685.0,0.0,0.0,2.0,0.0,0.0,0.0
50.0,0.0,2.0,6129.53,1.0,1.0,0.0,0.0,27344.54,0.0
59.0,0.0,2.0,0.0,2.0,0.0,0.0,0.0,0.0,0.0
41.0,0.0,0.0,0.0,0.0,0.0,0.0,0.0,0.0,1.0
66.0,8.0,3.0,85397.0,0.0,1.0,2.0,0.0,0.0,0.0
44.0,0.0,0.0,0.0,0.0,0.0,0.0,0.0,0.0,0.0
13.0,0.0,0.0,0.0,0.0,0.0,0.0,0.0,0.0,0.0
77.0,0.0,0.0,0.0,0.0,0.0,0.0,0.0,0.0,0.0
27.0,0.0,0.0,0.0,0.0,0.0,0.0,0.0,0.0,0.0
72.0,0.0,3.0,4890.0,1.0,1.0,1.0,0.0,0.0,0.0
22.0,11.0,1.0,84029.35,0.0,0.0,1.0,0.0,0.0,0.0
77.0,2.0,10.0,41746.0,8.0,0.0,2.0,0.0,0.0,0.0
23.0,0.0,0.0,0.0,0.0,0.0,0.0,0.0,0.0,0.0
48.0,0.0,0.0,0.0,0.0,0.0,0.0,0.0,0.0,0.0
61.0,0.0,11.0,0.0,11.0,0.0,0.0,0.0,0.0,0.0
78.0,0.0,36.0,39375.0,29.0,4.0,3.0,0.0,500.0,0.0
77.0,0.0,21.0,400600.0,16.0,1.0,4.0,0.0,11500.0,0.0
42.0,18.0,8.0,91565.0,5.0,2.0,1.0,0.0,0.0,0.0
2.0,0.0,0.0,0.0,0.0,0.0,0.0,0.0,0.0,0.0
78.0,0.0,0.0,0.0,0.0,0.0,0.0,0.0,0.0,0.0
38.0,13.0,13.0,178674.0,12.0,0.0,1.0,0.0,0.0,0.0
47.0,0.0,3.0,78047.0,2.0,1.0,0.0,0.0,0.0,0.0
71.0,40.0,5.0,91435.0,3.0,2.0,0.0,0.0,0.0,0.0
22.0,18.0,6.0,163926.0,3.0,0.0,3.0,0.0,0.0,0.0
23.0,0.0,1.0,0.0,1.0,0.0,0.0,0.0,21811.58,0.0
86.0,0.0,1.0,0.0,1.0,0.0,0.0,0.0,0.0,0.0
61.0,0.0,1.0,0.0,1.0,0.0,0.0,0.0,1938.87,0.0
58.0,14.0,3.0,9220.19,0.0,2.0,1.0,0.0,0.0,0.0
26.0,6.0,0.0,0.0,0.0,0.0,0.0,0.0,0.0,0.0
76.0,0.0,0.0,0.0,0.0,0.0,0.0,0.0,0.0,0.0
30.0,1.0,0.0,0.0,0.0,0.0,0.0,0.0,0.0,0.0
50.0,0.0,0.0,0.0,0.0,0.0,0.0,0.0,0.0,0.0
2.0,0.0,0.0,0.0,0.0,0.0,0.0,0.0,0.0,0.0
23.0,1.0,1.0,61982.0,0.0,0.0,1.0,0.0,0.0,0.0
16.0,5.0,6.0,79040.0,3.0,3.0,0.0,0.0,0.0,0.0
54.0,0.0,0.0,0.0,0.0,0.0,0.0,84120.26,0.0,0.0
74.0,0.0,31.0,0.0,31.0,0.0,0.0,0.0,0.0,0.0
16.0,0.0,2.0,104199.0,0.0,0.0,2.0,0.0,55805.25,0.0
72.0,0.0,4.0,0.0,2.0,0.0,2.0,0.0,0.0,0.0
16.0,24.0,0.0,0.0,0.0,0.0,0.0,0.0,0.0,0.0
2.0,0.0,7.0,52598.0,2.0,2.0,3.0,0.0,0.0,0.0
25.0,0.0,0.0,0.0,0.0,0.0,0.0,0.0,0.0,0.0
50.0,54.0,0.0,0.0,0.0,0.0,0.0,0.0,0.0,0.0
66.0,0.0,26.0,0.0,24.0,1.0,1.0,0.0,0.0,0.0
74.0,0.0,0.0,8400.0,0.0,0.0,0.0,0.0,0.0,0.0
69.0,0.0,7.0,0.0,6.0,1.0,0.0,0.0,0.0,0.0
23.0,0.0,0.0,0.0,0.0,0.0,0.0,0.0,0.0,0.0
38.0,0.0,1.0,2366.0,1.0,0.0,0.0,0.0,0.0,0.0
37.0,0.0,0.0,0.0,0.0,0.0,0.0,0.0,0.0,0.0
36.0,4.0,0.0,0.0,0.0,0.0,0.0,0.0,0.0,0.0
11.0,0.0,0.0,0.0,0.0,0.0,0.0,0.0,0.0,0.0
44.0,0.0,1.0,0.0,1.0,0.0,0.0,0.0,0.0,0.0
61.0,6.0,4.0,50885.0,4.0,0.0,0.0,0.0,0.0,0.0
61.0,0.0,1.0,0.0,1.0,0.0,0.0,0.0,20814.4,0.0
63.0,0.0,0.0,0.0,0.0,0.0,0.0,0.0,0.0,0.0
40.0,23.0,5.0,25371.24,3.0,2.0,0.0,0.0,0.0,0.0
66.0,25.0,1.0,56033.0,1.0,0.0,0.0,0.0,0.0,0.0
58.0,0.0,0.0,0.0,0.0,0.0,0.0,0.0,0.0,0.0
23.0,0.0,0.0,0.0,0.0,0.0,0.0,0.0,0.0,0.0
34.0,0.0,0.0,0.0,0.0,0.0,0.0,0.0,62531.53,0.0
40.0,0.0,0.0,0.0,0.0,0.0,0.0,0.0,0.0,0.0
56.0,0.0,0.0,0.0,0.0,0.0,0.0,0.0,0.0,0.0
73.0,0.0,0.0,0.0,0.0,0.0,0.0,0.0,0.0,0.0
58.0,0.0,0.0,0.0,0.0,0.0,0.0,0.0,0.0,0.0
18.0,1.0,6.0,317595.0,1.0,0.0,5.0,0.0,93483.63,0.0
74.0,1.0,11.0,40380.0,8.0,2.0,1.0,0.0,37747.61,0.0
65.0,0.0,10.0,0.0,10.0,0.0,0.0,0.0,8500.0,0.0
65.0,0.0,1.0,0.0,0.0,1.0,0.0,0.0,0.0,0.0
72.0,0.0,0.0,0.0,0.0,0.0,0.0,0.0,0.0,0.0
31.0,0.0,0.0,0.0,0.0,0.0,0.0,0.0,0.0,0.0
44.0,0.0,0.0,0.0,0.0,0.0,0.0,0.0,0.0,0.0
25.0,2.0,0.0,0.0,0.0,0.0,0.0,0.0,0.0,0.0
59.0,0.0,2.0,211.0,2.0,0.0,0.0,0.0,0.0,0.0
24.0,0.0,0.0,0.0,0.0,0.0,0.0,0.0,0.0,0.0
66.0,0.0,4.0,19395.0,0.0,0.0,4.0,0.0,0.0,0.0
86.0,3.0,0.0,0.0,0.0,0.0,0.0,0.0,0.0,0.0
54.0,17.0,0.0,26352.0,0.0,0.0,0.0,0.0,0.0,0.0
48.0,0.0,1.0,0.0,1.0,0.0,0.0,0.0,0.0,0.0
64.0,0.0,0.0,0.0,0.0,0.0,0.0,0.0,0.0,0.0
2.0,0.0,0.0,0.0,0.0,0.0,0.0,0.0,0.0,0.0
23.0,0.0,1.0,0.0,1.0,0.0,0.0,0.0,0.0,0.0
23.0,15.0,17.0,149900.0,17.0,0.0,0.0,0.0,0.0,0.0
50.0,0.0,0.0,0.0,0.0,0.0,0.0,0.0,3537.13,0.0
78.0,0.0,0.0,0.0,0.0,0.0,0.0,0.0,0.0,0.0
51.0,0.0,0.0,0.0,0.0,0.0,0.0,0.0,0.0,0.0
36.0,0.0,1.0,11514.0,0.0,0.0,1.0,0.0,0.0,0.0
52.0,0.0,3.0,6343.0,2.0,1.0,0.0,0.0,0.0,0.0
52.0,4.0,14.0,218916.0,8.0,3.0,3.0,0.0,0.0,0.0
86.0,5.0,0.0,0.0,0.0,0.0,0.0,0.0,0.0,0.0
56.0,0.0,0.0,0.0,0.0,0.0,0.0,0.0,0.0,0.0
74.0,3.0,0.0,47470.92,0.0,0.0,0.0,0.0,0.0,1.0
24.0,19.0,0.0,0.0,0.0,0.0,0.0,0.0,0.0,1.0
75.0,0.0,0.0,0.0,0.0,0.0,0.0,0.0,0.0,0.0
77.0,10.0,0.0,0.0,0.0,0.0,0.0,0.0,0.0,0.0
31.0,0.0,0.0,0.0,0.0,0.0,0.0,0.0,0.0,0.0
66.0,0.0,0.0,0.0,0.0,0.0,0.0,0.0,0.0,0.0
25.0,0.0,0.0,0.0,0.0,0.0,0.0,0.0,0.0,0.0
19.0,0.0,1.0,28348.0,0.0,0.0,1.0,0.0,0.0,0.0
3.0,1.0,61.0,0.0,59.0,0.0,2.0,0.0,0.0,0.0
66.0,0.0,0.0,0.0,0.0,0.0,0.0,0.0,0.0,0.0
70.0,1.0,2.0,3164.35,2.0,0.0,0.0,0.0,0.0,0.0
38.0,3.0,1.0,0.0,1.0,0.0,0.0,0.0,0.0,0.0
34.0,0.0,0.0,0.0,0.0,0.0,0.0,0.0,0.0,0.0
21.0,0.0,0.0,0.0,0.0,0.0,0.0,0.0,0.0,0.0
63.0,1.0,0.0,0.0,0.0,0.0,0.0,0.0,0.0,0.0
54.0,3.0,0.0,0.0,0.0,0.0,0.0,0.0,0.0,0.0
23.0,0.0,0.0,0.0,0.0,0.0,0.0,0.0,0.0,0.0
23.0,0.0,1.0,0.0,1.0,0.0,0.0,0.0,0.0,0.0
54.0,0.0,0.0,0.0,0.0,0.0,0.0,0.0,0.0,0.0
2.0,11.0,2.0,31199.0,2.0,0.0,0.0,0.0,0.0,0.0
2.0,1.0,0.0,0.0,0.0,0.0,0.0,0.0,0.0,0.0
78.0,0.0,0.0,0.0,0.0,0.0,0.0,0.0,0.0,0.0
61.0,0.0,2.0,42460.0,0.0,0.0,2.0,0.0,0.0,0.0
77.0,0.0,1.0,0.0,1.0,0.0,0.0,0.0,49610.59,0.0
23.0,0.0,3.0,0.0,1.0,0.0,2.0,0.0,27829.42,0.0
64.0,19.0,0.0,0.0,0.0,0.0,0.0,0.0,0.0,0.0
66.0,0.0,7.0,5265.0,4.0,0.0,3.0,0.0,0.0,0.0
2.0,0.0,0.0,0.0,0.0,0.0,0.0,0.0,0.0,0.0
66.0,0.0,0.0,0.0,0.0,0.0,0.0,0.0,0.0,0.0
63.0,21.0,0.0,0.0,0.0,0.0,0.0,0.0,0.0,0.0
3.0,14.0,0.0,0.0,0.0,0.0,0.0,0.0,4762.0,1.0
34.0,0.0,0.0,0.0,0.0,0.0,0.0,0.0,0.0,0.0
50.0,0.0,0.0,0.0,0.0,0.0,0.0,0.0,0.0,0.0
53.0,22.0,2.0,0.0,2.0,0.0,0.0,0.0,0.0,0.0
21.0,2.0,5.0,28419.0,3.0,1.0,1.0,0.0,0.0,0.0
63.0,0.0,0.0,0.0,0.0,0.0,0.0,0.0,0.0,0.0
48.0,0.0,0.0,0.0,0.0,0.0,0.0,0.0,0.0,0.0
50.0,2.0,4.0,20848.0,0.0,0.0,4.0,0.0,0.0,0.0
22.0,0.0,0.0,0.0,0.0,0.0,0.0,0.0,9390.87,0.0
56.0,0.0,4.0,0.0,4.0,0.0,0.0,0.0,0.0,0.0
65.0,0.0,1.0,0.0,1.0,0.0,0.0,0.0,0.0,0.0
78.0,0.0,4.0,0.0,4.0,0.0,0.0,0.0,0.0,0.0
23.0,0.0,0.0,0.0,0.0,0.0,0.0,0.0,0.0,0.0
78.0,11.0,20.0,414038.0,9.0,5.0,6.0,0.0,0.0,0.0
11.0,40.0,0.0,21136.0,0.0,0.0,0.0,0.0,0.0,1.0
50.0,0.0,1.0,0.0,1.0,0.0,0.0,0.0,0.0,0.0
72.0,0.0,3.0,98973.0,0.0,1.0,2.0,38162.5,0.0,0.0
36.0,0.0,0.0,0.0,0.0,0.0,0.0,0.0,0.0,0.0
36.0,16.0,11.0,3940.0,9.0,1.0,1.0,0.0,0.0,0.0
61.0,11.0,6.0,23947.0,6.0,0.0,0.0,0.0,0.0,0.0
60.0,0.0,0.0,0.0,0.0,0.0,0.0,0.0,0.0,1.0
78.0,0.0,0.0,0.0,0.0,0.0,0.0,0.0,0.0,0.0
2.0,5.0,1.0,33631.69,1.0,0.0,0.0,0.0,0.0,1.0
72.0,2.0,2.0,44357.0,1.0,1.0,0.0,0.0,0.0,0.0
50.0,21.0,2.0,0.0,2.0,0.0,0.0,0.0,0.0,0.0
34.0,0.0,0.0,0.0,0.0,0.0,0.0,0.0,0.0,0.0
77.0,0.0,0.0,0.0,0.0,0.0,0.0,0.0,0.0,1.0
60.0,10.0,0.0,28843.7,0.0,0.0,0.0,107090.14,63826.65,0.0
77.0,0.0,0.0,8307.61,0.0,0.0,0.0,0.0,9257.83,0.0
66.0,0.0,31.0,573771.0,6.0,4.0,21.0,0.0,0.0,0.0
42.0,0.0,0.0,0.0,0.0,0.0,0.0,0.0,0.0,0.0
77.0,0.0,3.0,0.0,3.0,0.0,0.0,0.0,0.0,0.0
86.0,0.0,0.0,0.0,0.0,0.0,0.0,0.0,9812.16,0.0
50.0,0.0,0.0,0.0,0.0,0.0,0.0,0.0,5764.35,0.0
24.0,0.0,0.0,0.0,0.0,0.0,0.0,0.0,3713.31,0.0
66.0,17.0,4.0,7825.0,4.0,0.0,0.0,37819.29,46681.91,0.0
19.0,0.0,0.0,0.0,0.0,0.0,0.0,0.0,0.0,0.0
73.0,1.0,0.0,0.0,0.0,0.0,0.0,0.0,0.0,0.0
13.0,0.0,0.0,0.0,0.0,0.0,0.0,0.0,0.0,0.0
34.0,47.0,0.0,0.0,0.0,0.0,0.0,0.0,0.0,0.0
40.0,4.0,3.0,0.0,2.0,0.0,1.0,0.0,0.0,0.0
50.0,0.0,4.0,0.0,4.0,0.0,0.0,0.0,1000.0,0.0
42.0,0.0,0.0,0.0,0.0,0.0,0.0,0.0,0.0,0.0
61.0,0.0,0.0,0.0,0.0,0.0,0.0,0.0,0.0,0.0
27.0,62.0,1.0,0.0,1.0,0.0,0.0,0.0,0.0,0.0
54.0,2.0,1.0,0.0,1.0,0.0,0.0,0.0,0.0,0.0
2.0,4.0,1.0,0.0,1.0,0.0,0.0,0.0,0.0,0.0
23.0,0.0,1.0,6605.0,0.0,1.0,0.0,0.0,1000.0,0.0
56.0,29.0,65.0,117469.0,59.0,2.0,4.0,0.0,0.0,0.0
66.0,0.0,6.0,31718.0,0.0,0.0,6.0,8300.0,500.0,0.0
26.0,4.0,6.0,74512.0,2.0,2.0,2.0,0.0,0.0,0.0
74.0,1.0,0.0,12599.0,0.0,0.0,0.0,0.0,0.0,0.0
72.0,0.0,0.0,0.0,0.0,0.0,0.0,0.0,0.0,0.0
38.0,6.0,0.0,0.0,0.0,0.0,0.0,0.0,0.0,0.0
38.0,0.0,0.0,0.0,0.0,0.0,0.0,0.0,0.0,0.0
72.0,0.0,2.0,6182.0,0.0,0.0,2.0,0.0,0.0,0.0
78.0,0.0,2.0,0.0,2.0,0.0,0.0,0.0,0.0,1.0
74.0,24.0,9.0,134779.0,7.0,1.0,1.0,0.0,0.0,0.0
24.0,0.0,0.0,0.0,0.0,0.0,0.0,0.0,0.0,0.0
77.0,0.0,0.0,0.0,0.0,0.0,0.0,0.0,0.0,0.0
16.0,0.0,8.0,0.0,6.0,1.0,1.0,0.0,1000.0,0.0
39.0,0.0,0.0,9299.0,0.0,0.0,0.0,0.0,1450.39,0.0
62.0,0.0,0.0,0.0,0.0,0.0,0.0,0.0,0.0,0.0
66.0,0.0,0.0,0.0,0.0,0.0,0.0,0.0,0.0,0.0
77.0,0.0,0.0,0.0,0.0,0.0,0.0,0.0,0.0,0.0
77.0,0.0,0.0,0.0,0.0,0.0,0.0,0.0,0.0,0.0
72.0,0.0,0.0,0.0,0.0,0.0,0.0,0.0,5087.16,0.0
43.0,0.0,4.0,0.0,4.0,0.0,0.0,0.0,500.0,0.0
34.0,0.0,0.0,0.0,0.0,0.0,0.0,0.0,0.0,0.0
86.0,0.0,0.0,0.0,0.0,0.0,0.0,0.0,0.0,0.0
25.0,0.0,0.0,0.0,0.0,0.0,0.0,0.0,0.0,0.0
26.0,75.0,0.0,13663.0,0.0,0.0,0.0,0.0,0.0,0.0
23.0,0.0,1.0,0.0,1.0,0.0,0.0,0.0,0.0,0.0
74.0,0.0,0.0,0.0,0.0,0.0,0.0,0.0,0.0,0.0
36.0,9.0,1.0,43382.0,1.0,0.0,0.0,0.0,0.0,0.0
45.0,14.0,6.0,110200.92,5.0,0.0,1.0,0.0,0.0,0.0
66.0,0.0,0.0,0.0,0.0,0.0,0.0,0.0,0.0,0.0
77.0,0.0,3.0,0.0,3.0,0.0,0.0,0.0,0.0,0.0
78.0,0.0,1.0,27493.46,0.0,0.0,1.0,0.0,0.0,0.0
66.0,0.0,0.0,0.0,0.0,0.0,0.0,0.0,5000.0,0.0
23.0,0.0,0.0,0.0,0.0,0.0,0.0,0.0,10000.0,0.0
1.0,22.0,5.0,12010.0,1.0,1.0,3.0,0.0,0.0,0.0
23.0,0.0,0.0,0.0,0.0,0.0,0.0,0.0,0.0,0.0
66.0,1.0,0.0,0.0,0.0,0.0,0.0,0.0,0.0,0.0
77.0,0.0,2.0,0.0,0.0,1.0,1.0,0.0,0.0,0.0
22.0,0.0,8.0,505305.0,5.0,2.0,1.0,0.0,0.0,0.0
39.0,27.0,1.0,3002.0,1.0,0.0,0.0,0.0,0.0,0.0
16.0,25.0,0.0,16935.0,0.0,0.0,0.0,0.0,0.0,0.0
61.0,14.0,0.0,12921.0,0.0,0.0,0.0,0.0,0.0,0.0
23.0,0.0,0.0,0.0,0.0,0.0,0.0,0.0,0.0,0.0
78.0,39.0,12.0,0.0,12.0,0.0,0.0,0.0,0.0,0.0
63.0,0.0,6.0,7700.0,3.0,2.0,1.0,0.0,0.0,0.0
40.0,25.0,8.0,60286.0,8.0,0.0,0.0,0.0,0.0,0.0
78.0,0.0,7.0,0.0,4.0,1.0,2.0,0.0,0.0,0.0
77.0,14.0,2.0,0.0,2.0,0.0,0.0,0.0,0.0,0.0
86.0,0.0,0.0,0.0,0.0,0.0,0.0,0.0,0.0,0.0
34.0,19.0,15.0,182995.0,11.0,1.0,3.0,0.0,0.0,0.0
10.0,0.0,0.0,0.0,0.0,0.0,0.0,0.0,0.0,0.0
39.0,32.0,1.0,19600.0,1.0,0.0,0.0,0.0,0.0,0.0
24.0,0.0,0.0,0.0,0.0,0.0,0.0,0.0,0.0,0.0
25.0,0.0,2.0,72381.0,0.0,0.0,2.0,0.0,0.0,0.0
68.0,0.0,15.0,0.0,13.0,2.0,0.0,0.0,0.0,0.0
41.0,0.0,0.0,0.0,0.0,0.0,0.0,0.0,0.0,0.0
58.0,6.0,0.0,0.0,0.0,0.0,0.0,0.0,0.0,0.0
64.0,0.0,0.0,0.0,0.0,0.0,0.0,0.0,0.0,0.0
26.0,4.0,4.0,9454.0,3.0,0.0,1.0,0.0,0.0,0.0
71.0,0.0,2.0,0.0,2.0,0.0,0.0,0.0,0.0,0.0
66.0,0.0,0.0,0.0,0.0,0.0,0.0,0.0,0.0,0.0
10.0,0.0,0.0,0.0,0.0,0.0,0.0,0.0,0.0,0.0
38.0,0.0,1.0,0.0,1.0,0.0,0.0,0.0,0.0,0.0
45.0,0.0,0.0,0.0,0.0,0.0,0.0,0.0,0.0,1.0
77.0,0.0,0.0,0.0,0.0,0.0,0.0,0.0,0.0,0.0
66.0,0.0,0.0,0.0,0.0,0.0,0.0,0.0,0.0,0.0
77.0,1.0,0.0,0.0,0.0,0.0,0.0,0.0,0.0,0.0
22.0,4.0,2.0,32340.0,2.0,0.0,0.0,0.0,0.0,0.0
78.0,0.0,0.0,0.0,0.0,0.0,0.0,0.0,0.0,0.0
72.0,19.0,3.0,124061.0,3.0,0.0,0.0,0.0,0.0,0.0
51.0,41.0,0.0,0.0,0.0,0.0,0.0,0.0,0.0,0.0
78.0,21.0,7.0,33643.0,5.0,2.0,0.0,0.0,0.0,0.0
37.0,0.0,0.0,0.0,0.0,0.0,0.0,0.0,0.0,0.0
35.0,0.0,0.0,0.0,0.0,0.0,0.0,0.0,0.0,0.0
86.0,0.0,1.0,0.0,1.0,0.0,0.0,0.0,0.0,0.0
50.0,3.0,0.0,16935.0,0.0,0.0,0.0,0.0,0.0,0.0
48.0,0.0,0.0,0.0,0.0,0.0,0.0,0.0,0.0,0.0
25.0,0.0,7.0,0.0,6.0,1.0,0.0,0.0,0.0,0.0
78.0,0.0,0.0,0.0,0.0,0.0,0.0,0.0,0.0,0.0
72.0,0.0,0.0,0.0,0.0,0.0,0.0,0.0,0.0,0.0
78.0,6.0,9.0,27879.0,9.0,0.0,0.0,0.0,0.0,0.0
66.0,29.0,0.0,0.0,0.0,0.0,0.0,0.0,0.0,0.0
74.0,0.0,0.0,0.0,0.0,0.0,0.0,0.0,61255.96,0.0
25.0,0.0,1.0,0.0,1.0,0.0,0.0,0.0,0.0,0.0
34.0,3.0,0.0,0.0,0.0,0.0,0.0,0.0,0.0,0.0
26.0,0.0,0.0,0.0,0.0,0.0,0.0,0.0,0.0,0.0
1.0,0.0,0.0,48512.0,0.0,0.0,0.0,0.0,0.0,0.0
77.0,0.0,0.0,0.0,0.0,0.0,0.0,0.0,0.0,0.0
77.0,6.0,6.0,187656.0,1.0,0.0,5.0,0.0,0.0,0.0
66.0,0.0,0.0,0.0,0.0,0.0,0.0,0.0,0.0,0.0
23.0,0.0,1.0,111676.0,1.0,0.0,0.0,0.0,0.0,0.0
57.0,0.0,0.0,16459.0,0.0,0.0,0.0,0.0,0.0,0.0
47.0,1.0,16.0,9000.0,15.0,0.0,1.0,0.0,0.0,0.0
42.0,2.0,1.0,142276.0,0.0,0.0,1.0,0.0,0.0,0.0
65.0,0.0,0.0,0.0,0.0,0.0,0.0,0.0,0.0,0.0
66.0,0.0,0.0,0.0,0.0,0.0,0.0,0.0,0.0,0.0
63.0,8.0,20.0,154562.0,16.0,2.0,2.0,0.0,0.0,0.0
3.0,0.0,0.0,0.0,0.0,0.0,0.0,0.0,0.0,1.0
68.0,0.0,0.0,0.0,0.0,0.0,0.0,0.0,0.0,0.0
52.0,0.0,1.0,0.0,1.0,0.0,0.0,0.0,0.0,0.0
66.0,0.0,0.0,0.0,0.0,0.0,0.0,0.0,0.0,0.0
70.0,0.0,0.0,0.0,0.0,0.0,0.0,0.0,0.0,0.0
23.0,0.0,0.0,13237.66,0.0,0.0,0.0,0.0,0.0,0.0
66.0,1.0,1.0,0.0,0.0,1.0,0.0,0.0,7031.93,0.0
78.0,0.0,0.0,13778.0,0.0,0.0,0.0,0.0,483.22,0.0
25.0,0.0,3.0,35028.0,1.0,0.0,2.0,0.0,0.0,0.0
23.0,0.0,0.0,0.0,0.0,0.0,0.0,0.0,0.0,0.0
25.0,0.0,0.0,0.0,0.0,0.0,0.0,0.0,0.0,0.0
62.0,0.0,0.0,0.0,0.0,0.0,0.0,0.0,0.0,0.0
2.0,0.0,1.0,63373.0,0.0,0.0,1.0,0.0,0.0,0.0
42.0,4.0,0.0,0.0,0.0,0.0,0.0,0.0,0.0,0.0
50.0,0.0,59.0,9355.0,57.0,2.0,0.0,0.0,0.0,0.0
38.0,1.0,0.0,0.0,0.0,0.0,0.0,0.0,3145.09,0.0
23.0,0.0,21.0,111933.0,17.0,1.0,3.0,0.0,0.0,0.0
54.0,3.0,4.0,0.0,2.0,2.0,0.0,0.0,0.0,0.0
78.0,0.0,0.0,0.0,0.0,0.0,0.0,0.0,0.0,0.0
18.0,0.0,3.0,0.0,2.0,1.0,0.0,0.0,157356.32,0.0
77.0,78.0,0.0,13110.0,0.0,0.0,0.0,0.0,0.0,0.0
77.0,48.0,1.0,0.0,1.0,0.0,0.0,0.0,0.0,0.0
66.0,2.0,0.0,0.0,0.0,0.0,0.0,0.0,0.0,0.0
77.0,0.0,0.0,0.0,0.0,0.0,0.0,0.0,0.0,0.0
78.0,0.0,0.0,0.0,0.0,0.0,0.0,0.0,0.0,0.0
73.0,0.0,19.0,61865.0,14.0,3.0,2.0,0.0,0.0,0.0
52.0,44.0,0.0,0.0,0.0,0.0,0.0,0.0,0.0,0.0
66.0,0.0,0.0,0.0,0.0,0.0,0.0,0.0,0.0,0.0
77.0,0.0,0.0,0.0,0.0,0.0,0.0,0.0,0.0,0.0
61.0,21.0,0.0,0.0,0.0,0.0,0.0,0.0,0.0,0.0
77.0,0.0,0.0,0.0,0.0,0.0,0.0,0.0,0.0,0.0
50.0,4.0,0.0,0.0,0.0,0.0,0.0,0.0,6300.0,0.0
86.0,0.0,0.0,0.0,0.0,0.0,0.0,0.0,2000.0,0.0
62.0,9.0,10.0,94408.0,9.0,1.0,0.0,0.0,0.0,0.0
16.0,0.0,0.0,0.0,0.0,0.0,0.0,0.0,0.0,0.0
16.0,0.0,6.0,0.0,6.0,0.0,0.0,0.0,0.0,0.0
78.0,0.0,0.0,0.0,0.0,0.0,0.0,0.0,0.0,0.0
66.0,8.0,1.0,56550.0,1.0,0.0,0.0,0.0,0.0,0.0
45.0,0.0,0.0,0.0,0.0,0.0,0.0,0.0,0.0,0.0
56.0,15.0,3.0,0.0,3.0,0.0,0.0,0.0,0.0,0.0
26.0,16.0,0.0,0.0,0.0,0.0,0.0,0.0,0.0,0.0
78.0,0.0,0.0,0.0,0.0,0.0,0.0,0.0,0.0,0.0
77.0,0.0,0.0,0.0,0.0,0.0,0.0,0.0,0.0,0.0
77.0,0.0,0.0,0.0,0.0,0.0,0.0,0.0,300.0,0.0
71.0,1.0,0.0,0.0,0.0,0.0,0.0,0.0,0.0,0.0
55.0,0.0,0.0,0.0,0.0,0.0,0.0,0.0,0.0,0.0
63.0,0.0,1.0,139371.0,0.0,0.0,1.0,0.0,95415.83,0.0
34.0,20.0,55.0,0.0,47.0,5.0,3.0,0.0,0.0,0.0
34.0,2.0,20.0,170782.0,19.0,1.0,0.0,0.0,0.0,0.0
63.0,0.0,0.0,0.0,0.0,0.0,0.0,0.0,0.0,0.0
74.0,9.0,0.0,0.0,0.0,0.0,0.0,0.0,0.0,0.0
23.0,15.0,6.0,53894.0,1.0,3.0,2.0,0.0,0.0,0.0
61.0,0.0,0.0,0.0,0.0,0.0,0.0,0.0,0.0,0.0
75.0,0.0,0.0,0.0,0.0,0.0,0.0,0.0,0.0,0.0
34.0,0.0,8.0,103620.0,2.0,3.0,3.0,0.0,0.0,0.0
36.0,28.0,0.0,24307.0,0.0,0.0,0.0,0.0,0.0,0.0
74.0,0.0,0.0,0.0,0.0,0.0,0.0,0.0,0.0,0.0
40.0,0.0,45.0,0.0,45.0,0.0,0.0,0.0,0.0,0.0
16.0,0.0,2.0,0.0,2.0,0.0,0.0,0.0,4354.61,0.0
2.0,0.0,0.0,0.0,0.0,0.0,0.0,0.0,0.0,0.0
3.0,0.0,1.0,0.0,1.0,0.0,0.0,0.0,0.0,0.0
50.0,8.0,0.0,0.0,0.0,0.0,0.0,0.0,58045.43,0.0
66.0,0.0,0.0,0.0,0.0,0.0,0.0,0.0,0.0,0.0
33.0,0.0,1.0,0.0,1.0,0.0,0.0,0.0,0.0,0.0
25.0,0.0,0.0,0.0,0.0,0.0,0.0,0.0,0.0,0.0
23.0,0.0,1.0,142141.0,0.0,0.0,1.0,0.0,0.0,0.0
66.0,7.0,1.0,62428.0,0.0,1.0,0.0,0.0,0.0,0.0
38.0,0.0,0.0,0.0,0.0,0.0,0.0,0.0,0.0,0.0
66.0,0.0,0.0,5000.0,0.0,0.0,0.0,0.0,0.0,1.0
67.0,88.0,0.0,0.0,0.0,0.0,0.0,0.0,0.0,0.0
1.0,0.0,0.0,0.0,0.0,0.0,0.0,0.0,0.0,0.0
62.0,0.0,12.0,75928.0,3.0,3.0,6.0,0.0,0.0,0.0
66.0,0.0,3.0,0.0,3.0,0.0,0.0,0.0,0.0,0.0
74.0,52.0,0.0,0.0,0.0,0.0,0.0,0.0,0.0,0.0
38.0,18.0,0.0,0.0,0.0,0.0,0.0,0.0,53940.96,0.0
3.0,0.0,6.0,140609.0,1.0,0.0,5.0,31682.64,0.0,0.0
11.0,4.0,0.0,0.0,0.0,0.0,0.0,0.0,0.0,0.0
23.0,0.0,10.0,14972.0,10.0,0.0,0.0,0.0,0.0,0.0
71.0,0.0,6.0,0.0,2.0,0.0,4.0,0.0,0.0,0.0
24.0,78.0,0.0,0.0,0.0,0.0,0.0,0.0,0.0,1.0
58.0,0.0,2.0,0.0,1.0,1.0,0.0,0.0,0.0,0.0
51.0,0.0,0.0,0.0,0.0,0.0,0.0,0.0,0.0,0.0
25.0,0.0,0.0,0.0,0.0,0.0,0.0,0.0,693.61,0.0
77.0,0.0,0.0,0.0,0.0,0.0,0.0,0.0,0.0,0.0
25.0,0.0,0.0,0.0,0.0,0.0,0.0,0.0,0.0,0.0
77.0,0.0,0.0,0.0,0.0,0.0,0.0,0.0,0.0,0.0
74.0,3.0,8.0,32748.0,5.0,0.0,3.0,0.0,0.0,0.0
24.0,0.0,0.0,0.0,0.0,0.0,0.0,0.0,0.0,0.0
78.0,0.0,0.0,2963.0,0.0,0.0,0.0,0.0,27139.3,0.0
77.0,0.0,5.0,42046.94,3.0,1.0,1.0,0.0,0.0,0.0
54.0,0.0,3.0,13442.0,0.0,0.0,3.0,0.0,0.0,0.0
16.0,0.0,0.0,0.0,0.0,0.0,0.0,0.0,0.0,0.0
41.0,0.0,0.0,0.0,0.0,0.0,0.0,0.0,0.0,0.0
78.0,0.0,2.0,0.0,2.0,0.0,0.0,0.0,0.0,1.0
66.0,0.0,0.0,0.0,0.0,0.0,0.0,0.0,0.0,0.0
42.0,11.0,0.0,59512.72,0.0,0.0,0.0,0.0,0.0,0.0
42.0,0.0,3.0,58075.0,0.0,0.0,3.0,51262.88,0.0,0.0
23.0,0.0,0.0,1171.0,0.0,0.0,0.0,0.0,0.0,0.0
78.0,0.0,0.0,0.0,0.0,0.0,0.0,0.0,0.0,0.0
78.0,0.0,0.0,0.0,0.0,0.0,0.0,0.0,0.0,0.0
48.0,0.0,1.0,938.0,1.0,0.0,0.0,0.0,0.0,0.0
36.0,0.0,0.0,1929.0,0.0,0.0,0.0,0.0,0.0,0.0
1.0,0.0,10.0,195106.0,2.0,2.0,6.0,0.0,0.0,0.0
63.0,2.0,3.0,55188.0,1.0,0.0,2.0,35874.42,62809.58,0.0
63.0,0.0,0.0,0.0,0.0,0.0,0.0,0.0,200.0,0.0
12.0,31.0,24.0,41422.0,23.0,1.0,0.0,0.0,0.0,0.0
35.0,0.0,0.0,0.0,0.0,0.0,0.0,0.0,0.0,0.0
78.0,0.0,0.0,0.0,0.0,0.0,0.0,0.0,0.0,0.0
30.0,0.0,4.0,79652.0,0.0,0.0,4.0,0.0,0.0,0.0
77.0,28.0,1.0,55616.0,1.0,0.0,0.0,0.0,0.0,0.0
61.0,0.0,1.0,0.0,1.0,0.0,0.0,0.0,0.0,0.0
52.0,0.0,2.0,0.0,2.0,0.0,0.0,0.0,0.0,0.0
78.0,0.0,7.0,165253.0,5.0,1.0,1.0,0.0,4986.76,0.0
33.0,0.0,0.0,0.0,0.0,0.0,0.0,0.0,0.0,0.0
77.0,0.0,0.0,0.0,0.0,0.0,0.0,0.0,0.0,0.0
39.0,0.0,0.0,0.0,0.0,0.0,0.0,0.0,0.0,0.0
16.0,0.0,2.0,0.0,2.0,0.0,0.0,0.0,0.0,0.0
66.0,0.0,0.0,0.0,0.0,0.0,0.0,0.0,0.0,0.0
70.0,14.0,1.0,39300.0,1.0,0.0,0.0,0.0,0.0,0.0
48.0,0.0,12.0,96027.0,8.0,0.0,4.0,0.0,4990.0,0.0
77.0,0.0,0.0,0.0,0.0,0.0,0.0,0.0,0.0,0.0
39.0,0.0,0.0,0.0,0.0,0.0,0.0,0.0,41877.31,0.0
64.0,0.0,0.0,0.0,0.0,0.0,0.0,0.0,0.0,0.0
54.0,24.0,0.0,14415.0,0.0,0.0,0.0,0.0,0.0,0.0
54.0,0.0,0.0,0.0,0.0,0.0,0.0,0.0,0.0,0.0
38.0,0.0,2.0,9956.0,1.0,1.0,0.0,0.0,0.0,0.0
27.0,0.0,3.0,56180.0,0.0,0.0,3.0,0.0,138538.78,0.0
43.0,1.0,0.0,0.0,0.0,0.0,0.0,0.0,0.0,0.0
61.0,6.0,5.0,31932.0,2.0,0.0,3.0,0.0,0.0,0.0
34.0,1.0,1.0,0.0,1.0,0.0,0.0,0.0,0.0,0.0
39.0,0.0,0.0,0.0,0.0,0.0,0.0,0.0,0.0,0.0
54.0,0.0,0.0,0.0,0.0,0.0,0.0,0.0,0.0,0.0
68.0,35.0,0.0,34824.0,0.0,0.0,0.0,0.0,0.0,0.0
60.0,0.0,0.0,0.0,0.0,0.0,0.0,0.0,0.0,1.0
21.0,0.0,2.0,0.0,2.0,0.0,0.0,0.0,0.0,1.0
66.0,38.0,0.0,0.0,0.0,0.0,0.0,0.0,0.0,0.0
34.0,0.0,1.0,52479.0,0.0,0.0,1.0,0.0,0.0,0.0
74.0,0.0,0.0,0.0,0.0,0.0,0.0,0.0,0.0,0.0
64.0,0.0,0.0,0.0,0.0,0.0,0.0,0.0,0.0,0.0
23.0,0.0,1.0,0.0,1.0,0.0,0.0,0.0,0.0,0.0
24.0,12.0,3.0,70165.04,3.0,0.0,0.0,0.0,0.0,0.0
16.0,0.0,0.0,0.0,0.0,0.0,0.0,0.0,0.0,0.0
39.0,0.0,2.0,63253.0,0.0,0.0,2.0,0.0,13100.78,0.0
86.0,3.0,7.0,164382.0,3.0,1.0,3.0,111069.78,0.0,0.0
23.0,0.0,0.0,0.0,0.0,0.0,0.0,0.0,0.0,0.0
50.0,0.0,2.0,0.0,1.0,1.0,0.0,0.0,0.0,0.0
61.0,0.0,0.0,0.0,0.0,0.0,0.0,0.0,0.0,0.0
16.0,0.0,2.0,92855.0,0.0,0.0,2.0,0.0,58745.5,0.0
64.0,0.0,6.0,0.0,3.0,1.0,2.0,0.0,0.0,0.0
38.0,0.0,0.0,0.0,0.0,0.0,0.0,0.0,0.0,0.0
18.0,11.0,8.0,152469.0,7.0,1.0,0.0,0.0,0.0,0.0
2.0,5.0,1.0,33631.69,1.0,0.0,0.0,0.0,0.0,1.0
3.0,14.0,1.0,0.0,1.0,0.0,0.0,0.0,0.0,1.0
77.0,0.0,0.0,0.0,0.0,0.0,0.0,4400.0,0.0,0.0
50.0,0.0,0.0,334.0,0.0,0.0,0.0,0.0,0.0,0.0
24.0,0.0,1.0,0.0,0.0,0.0,1.0,0.0,0.0,0.0
74.0,0.0,0.0,0.0,0.0,0.0,0.0,0.0,0.0,0.0
66.0,0.0,0.0,0.0,0.0,0.0,0.0,0.0,0.0,0.0
67.0,0.0,1.0,701720.0,0.0,0.0,1.0,0.0,3000.0,0.0
38.0,0.0,0.0,0.0,0.0,0.0,0.0,0.0,0.0,1.0
24.0,0.0,5.0,86707.0,1.0,2.0,2.0,0.0,0.0,0.0
63.0,0.0,0.0,0.0,0.0,0.0,0.0,0.0,0.0,0.0
29.0,10.0,2.0,27985.0,1.0,0.0,1.0,0.0,0.0,0.0
2.0,22.0,3.0,17276.0,3.0,0.0,0.0,0.0,0.0,0.0
25.0,0.0,0.0,0.0,0.0,0.0,0.0,10200.0,5442.65,0.0
63.0,0.0,4.0,48931.0,1.0,1.0,2.0,0.0,0.0,0.0
16.0,0.0,5.0,44090.0,0.0,0.0,5.0,0.0,500.0,0.0
66.0,0.0,1.0,0.0,0.0,1.0,0.0,0.0,0.0,0.0
74.0,2.0,0.0,0.0,0.0,0.0,0.0,13974.0,141641.43,0.0
78.0,0.0,0.0,0.0,0.0,0.0,0.0,0.0,0.0,0.0
41.0,0.0,0.0,8426.0,0.0,0.0,0.0,0.0,258092.94,0.0
55.0,0.0,10.0,193919.0,1.0,1.0,8.0,19953.94,0.0,0.0
50.0,0.0,1.0,0.0,1.0,0.0,0.0,0.0,0.0,0.0
77.0,0.0,0.0,0.0,0.0,0.0,0.0,0.0,0.0,0.0
69.0,4.0,0.0,0.0,0.0,0.0,0.0,0.0,0.0,0.0
42.0,0.0,1.0,14121.0,0.0,0.0,1.0,0.0,0.0,0.0
34.0,50.0,0.0,0.0,0.0,0.0,0.0,0.0,0.0,0.0
25.0,17.0,1.0,96929.0,1.0,0.0,0.0,0.0,0.0,0.0
30.0,0.0,2.0,14300.0,0.0,0.0,2.0,0.0,0.0,0.0
77.0,23.0,44.0,601052.0,24.0,7.0,13.0,0.0,0.0,0.0
66.0,0.0,2.0,24972.0,0.0,1.0,1.0,0.0,0.0,0.0
52.0,25.0,17.0,109738.0,16.0,0.0,1.0,0.0,0.0,0.0
66.0,1.0,15.0,187702.0,13.0,0.0,2.0,0.0,0.0,0.0
77.0,0.0,0.0,0.0,0.0,0.0,0.0,0.0,0.0,0.0
77.0,0.0,16.0,0.0,16.0,0.0,0.0,0.0,115000.0,0.0
62.0,0.0,0.0,27790.0,0.0,0.0,0.0,0.0,0.0,0.0
63.0,0.0,0.0,0.0,0.0,0.0,0.0,0.0,0.0,0.0
18.0,0.0,4.0,51935.0,3.0,0.0,1.0,0.0,29934.89,0.0
74.0,0.0,1.0,25467.0,0.0,0.0,1.0,0.0,0.0,0.0
19.0,2.0,2.0,0.0,2.0,0.0,0.0,0.0,0.0,0.0
14.0,0.0,2.0,84502.0,2.0,0.0,0.0,0.0,5139.06,0.0
63.0,0.0,3.0,37423.0,1.0,1.0,1.0,0.0,0.0,0.0
74.0,0.0,1.0,0.0,0.0,0.0,1.0,0.0,25993.9,0.0
77.0,0.0,1.0,98443.0,1.0,0.0,0.0,0.0,0.0,0.0
43.0,0.0,0.0,0.0,0.0,0.0,0.0,0.0,0.0,0.0
50.0,1.0,7.0,95682.0,3.0,4.0,0.0,0.0,0.0,0.0
38.0,0.0,0.0,0.0,0.0,0.0,0.0,0.0,0.0,0.0
70.0,0.0,0.0,0.0,0.0,0.0,0.0,0.0,0.0,0.0
89.0,7.0,2.0,5942.0,1.0,0.0,1.0,0.0,22702.29,0.0
16.0,0.0,0.0,0.0,0.0,0.0,0.0,0.0,0.0,0.0
31.0,1.0,0.0,0.0,0.0,0.0,0.0,0.0,0.0,0.0
50.0,0.0,5.0,7994.0,2.0,0.0,3.0,0.0,0.0,0.0
16.0,0.0,6.0,51600.0,0.0,1.0,5.0,0.0,0.0,0.0
63.0,0.0,0.0,0.0,0.0,0.0,0.0,0.0,0.0,0.0
77.0,0.0,0.0,0.0,0.0,0.0,0.0,0.0,0.0,0.0
50.0,0.0,4.0,0.0,4.0,0.0,0.0,0.0,1000.0,0.0
24.0,0.0,0.0,0.0,0.0,0.0,0.0,0.0,9417.29,0.0
77.0,0.0,0.0,0.0,0.0,0.0,0.0,0.0,300.0,0.0
68.0,0.0,0.0,0.0,0.0,0.0,0.0,0.0,0.0,0.0
25.0,0.0,0.0,0.0,0.0,0.0,0.0,0.0,0.0,0.0
34.0,51.0,2.0,0.0,1.0,0.0,1.0,0.0,0.0,0.0
66.0,0.0,0.0,0.0,0.0,0.0,0.0,0.0,0.0,0.0
86.0,0.0,2.0,0.0,0.0,0.0,2.0,54755.86,0.0,0.0
50.0,0.0,0.0,0.0,0.0,0.0,0.0,0.0,0.0,0.0
66.0,8.0,0.0,58795.0,0.0,0.0,0.0,0.0,0.0,0.0
74.0,9.0,5.0,182003.0,4.0,1.0,0.0,0.0,0.0,0.0
72.0,0.0,2.0,22052.0,2.0,0.0,0.0,0.0,0.0,0.0
63.0,0.0,0.0,8287.0,0.0,0.0,0.0,0.0,0.0,0.0
63.0,0.0,0.0,0.0,0.0,0.0,0.0,0.0,0.0,0.0
62.0,7.0,37.0,139495.0,25.0,3.0,9.0,0.0,0.0,0.0
77.0,2.0,18.0,0.0,18.0,0.0,0.0,0.0,0.0,0.0
36.0,0.0,0.0,0.0,0.0,0.0,0.0,0.0,0.0,0.0
54.0,22.0,0.0,0.0,0.0,0.0,0.0,0.0,0.0,0.0
38.0,13.0,2.0,33241.53,0.0,0.0,2.0,0.0,0.0,0.0
48.0,0.0,0.0,0.0,0.0,0.0,0.0,0.0,0.0,0.0
78.0,9.0,31.0,50.0,30.0,1.0,0.0,0.0,0.0,0.0
77.0,0.0,0.0,0.0,0.0,0.0,0.0,0.0,0.0,0.0
78.0,0.0,0.0,0.0,0.0,0.0,0.0,0.0,0.0,0.0
64.0,0.0,1.0,2635.0,1.0,0.0,0.0,0.0,0.0,0.0
72.0,0.0,1.0,0.0,1.0,0.0,0.0,0.0,0.0,0.0
16.0,1.0,2.0,0.0,2.0,0.0,0.0,0.0,0.0,0.0
66.0,2.0,0.0,0.0,0.0,0.0,0.0,0.0,0.0,0.0
55.0,13.0,0.0,19253.0,0.0,0.0,0.0,0.0,0.0,0.0
62.0,0.0,0.0,0.0,0.0,0.0,0.0,0.0,0.0,1.0
52.0,0.0,0.0,0.0,0.0,0.0,0.0,0.0,300.0,0.0
63.0,8.0,2.0,73913.0,1.0,0.0,1.0,0.0,0.0,1.0
77.0,0.0,0.0,0.0,0.0,0.0,0.0,0.0,0.0,0.0
59.0,0.0,0.0,0.0,0.0,0.0,0.0,0.0,0.0,0.0
2.0,0.0,1.0,0.0,1.0,0.0,0.0,0.0,0.0,0.0
61.0,7.0,7.0,0.0,7.0,0.0,0.0,0.0,3653.66,0.0
34.0,0.0,0.0,0.0,0.0,0.0,0.0,0.0,0.0,0.0
26.0,0.0,0.0,0.0,0.0,0.0,0.0,0.0,0.0,0.0
31.0,39.0,4.0,41957.0,3.0,0.0,1.0,0.0,0.0,0.0
54.0,3.0,2.0,79375.0,2.0,0.0,0.0,0.0,0.0,0.0
50.0,0.0,0.0,0.0,0.0,0.0,0.0,0.0,0.0,0.0
38.0,0.0,0.0,0.0,0.0,0.0,0.0,0.0,0.0,1.0
78.0,0.0,0.0,0.0,0.0,0.0,0.0,0.0,0.0,0.0
54.0,0.0,25.0,165614.0,18.0,1.0,6.0,0.0,0.0,0.0
29.0,0.0,3.0,9360.0,0.0,0.0,3.0,0.0,0.0,0.0
13.0,0.0,2.0,91524.0,1.0,0.0,1.0,0.0,0.0,0.0
3.0,2.0,0.0,0.0,0.0,0.0,0.0,0.0,0.0,0.0
23.0,2.0,3.0,65228.0,3.0,0.0,0.0,0.0,0.0,0.0
23.0,8.0,12.0,82610.0,12.0,0.0,0.0,0.0,0.0,0.0
71.0,0.0,1.0,0.0,1.0,0.0,0.0,0.0,0.0,0.0
21.0,0.0,0.0,0.0,0.0,0.0,0.0,0.0,0.0,0.0
23.0,2.0,0.0,0.0,0.0,0.0,0.0,0.0,0.0,0.0
54.0,0.0,0.0,0.0,0.0,0.0,0.0,0.0,0.0,0.0
23.0,0.0,0.0,0.0,0.0,0.0,0.0,0.0,123240.04,0.0
74.0,0.0,0.0,0.0,0.0,0.0,0.0,0.0,0.0,0.0
50.0,0.0,3.0,127948.0,2.0,0.0,1.0,0.0,0.0,0.0
66.0,4.0,2.0,4291.57,1.0,1.0,0.0,0.0,0.0,0.0
78.0,0.0,0.0,0.0,0.0,0.0,0.0,0.0,0.0,0.0
3.0,0.0,0.0,0.0,0.0,0.0,0.0,0.0,0.0,0.0
63.0,10.0,1.0,68543.13,1.0,0.0,0.0,0.0,0.0,0.0
78.0,0.0,0.0,0.0,0.0,0.0,0.0,0.0,0.0,0.0
36.0,0.0,0.0,0.0,0.0,0.0,0.0,0.0,0.0,0.0
24.0,78.0,0.0,0.0,0.0,0.0,0.0,0.0,0.0,1.0
77.0,0.0,0.0,0.0,0.0,0.0,0.0,0.0,0.0,1.0
52.0,4.0,0.0,0.0,0.0,0.0,0.0,0.0,0.0,0.0
66.0,10.0,0.0,0.0,0.0,0.0,0.0,0.0,0.0,0.0
37.0,7.0,12.0,141235.0,2.0,2.0,8.0,0.0,0.0,0.0
42.0,0.0,1.0,0.0,1.0,0.0,0.0,0.0,3100.0,0.0
78.0,0.0,0.0,0.0,0.0,0.0,0.0,0.0,0.0,0.0
10.0,0.0,0.0,0.0,0.0,0.0,0.0,0.0,0.0,0.0
24.0,0.0,0.0,0.0,0.0,0.0,0.0,0.0,0.0,0.0
71.0,0.0,0.0,0.0,0.0,0.0,0.0,0.0,0.0,1.0
63.0,0.0,0.0,0.0,0.0,0.0,0.0,0.0,0.0,0.0
61.0,0.0,0.0,0.0,0.0,0.0,0.0,0.0,0.0,0.0
23.0,0.0,6.0,323.0,0.0,1.0,5.0,0.0,26295.7,0.0
50.0,18.0,25.0,215871.0,14.0,5.0,6.0,0.0,0.0,0.0
75.0,0.0,3.0,165674.0,0.0,0.0,3.0,0.0,0.0,0.0
66.0,9.0,3.0,13300.0,0.0,0.0,3.0,0.0,0.0,0.0
54.0,0.0,0.0,0.0,0.0,0.0,0.0,0.0,0.0,0.0
59.0,2.0,6.0,1.0,6.0,0.0,0.0,0.0,0.0,0.0
69.0,0.0,4.0,19234.0,1.0,0.0,3.0,0.0,0.0,0.0
55.0,0.0,0.0,0.0,0.0,0.0,0.0,0.0,0.0,0.0
70.0,0.0,0.0,0.0,0.0,0.0,0.0,0.0,0.0,0.0
77.0,0.0,0.0,0.0,0.0,0.0,0.0,0.0,0.0,0.0
78.0,0.0,5.0,141958.0,0.0,0.0,5.0,0.0,0.0,0.0
19.0,0.0,0.0,0.0,0.0,0.0,0.0,0.0,0.0,0.0
66.0,0.0,0.0,0.0,0.0,0.0,0.0,0.0,0.0,0.0
50.0,1.0,8.0,265479.05,1.0,0.0,7.0,0.0,0.0,0.0
38.0,0.0,0.0,0.0,0.0,0.0,0.0,0.0,0.0,0.0
74.0,0.0,0.0,0.0,0.0,0.0,0.0,0.0,0.0,0.0
54.0,15.0,1.0,47856.0,1.0,0.0,0.0,0.0,0.0,0.0
77.0,0.0,0.0,0.0,0.0,0.0,0.0,0.0,0.0,0.0
52.0,1.0,1.0,20313.49,0.0,0.0,1.0,0.0,0.0,0.0
74.0,0.0,0.0,0.0,0.0,0.0,0.0,0.0,0.0,0.0
3.0,0.0,0.0,0.0,0.0,0.0,0.0,0.0,0.0,0.0
38.0,0.0,0.0,0.0,0.0,0.0,0.0,0.0,0.0,0.0
54.0,12.0,96.0,106860.0,93.0,3.0,0.0,0.0,0.0,0.0
54.0,18.0,1.0,17160.0,1.0,0.0,0.0,0.0,0.0,0.0
24.0,9.0,1.0,0.0,1.0,0.0,0.0,0.0,0.0,0.0
47.0,0.0,2.0,153919.0,1.0,0.0,1.0,0.0,0.0,0.0
63.0,8.0,2.0,73913.0,1.0,0.0,1.0,0.0,0.0,1.0
16.0,0.0,0.0,0.0,0.0,0.0,0.0,0.0,0.0,0.0
78.0,3.0,6.0,0.0,3.0,2.0,1.0,0.0,0.0,0.0
66.0,1.0,0.0,0.0,0.0,0.0,0.0,0.0,0.0,0.0
23.0,0.0,0.0,0.0,0.0,0.0,0.0,0.0,0.0,0.0
77.0,1.0,0.0,0.0,0.0,0.0,0.0,0.0,0.0,0.0
17.0,0.0,3.0,0.0,3.0,0.0,0.0,0.0,0.0,0.0
53.0,27.0,2.0,0.0,2.0,0.0,0.0,0.0,0.0,0.0
18.0,0.0,0.0,0.0,0.0,0.0,0.0,0.0,0.0,0.0
77.0,4.0,7.0,37769.0,4.0,1.0,2.0,0.0,0.0,0.0
40.0,0.0,0.0,0.0,0.0,0.0,0.0,0.0,0.0,0.0
76.0,0.0,0.0,0.0,0.0,0.0,0.0,0.0,0.0,0.0
71.0,24.0,0.0,46163.0,0.0,0.0,0.0,0.0,0.0,0.0
50.0,185.0,0.0,0.0,0.0,0.0,0.0,0.0,0.0,0.0
92.0,0.0,0.0,0.0,0.0,0.0,0.0,0.0,0.0,0.0
2.0,0.0,0.0,0.0,0.0,0.0,0.0,0.0,0.0,0.0
11.0,0.0,0.0,0.0,0.0,0.0,0.0,0.0,0.0,1.0
2.0,0.0,0.0,0.0,0.0,0.0,0.0,0.0,0.0,0.0
77.0,0.0,2.0,24910.67,2.0,0.0,0.0,0.0,0.0,0.0
74.0,0.0,0.0,0.0,0.0,0.0,0.0,0.0,356872.0,0.0
61.0,0.0,9.0,0.0,9.0,0.0,0.0,0.0,0.0,0.0
23.0,0.0,0.0,0.0,0.0,0.0,0.0,0.0,0.0,0.0
66.0,41.0,0.0,0.0,0.0,0.0,0.0,0.0,0.0,0.0
22.0,0.0,0.0,0.0,0.0,0.0,0.0,0.0,0.0,0.0
26.0,1.0,0.0,0.0,0.0,0.0,0.0,0.0,0.0,0.0
50.0,0.0,0.0,0.0,0.0,0.0,0.0,0.0,0.0,0.0
63.0,0.0,0.0,0.0,0.0,0.0,0.0,0.0,0.0,0.0
50.0,0.0,0.0,0.0,0.0,0.0,0.0,0.0,0.0,0.0
33.0,0.0,1.0,25000.0,0.0,0.0,1.0,0.0,0.0,0.0
54.0,0.0,0.0,78752.0,0.0,0.0,0.0,0.0,41036.13,0.0
55.0,11.0,0.0,0.0,0.0,0.0,0.0,0.0,0.0,0.0
39.0,0.0,0.0,0.0,0.0,0.0,0.0,0.0,0.0,0.0
77.0,0.0,0.0,0.0,0.0,0.0,0.0,0.0,0.0,0.0
63.0,11.0,14.0,79556.0,13.0,1.0,0.0,0.0,0.0,0.0
74.0,5.0,0.0,0.0,0.0,0.0,0.0,0.0,0.0,0.0
50.0,0.0,0.0,6811.0,0.0,0.0,0.0,0.0,0.0,0.0
2.0,0.0,2.0,0.0,2.0,0.0,0.0,0.0,0.0,0.0
76.0,0.0,2.0,58360.0,1.0,1.0,0.0,0.0,14671.52,0.0
48.0,8.0,0.0,0.0,0.0,0.0,0.0,0.0,0.0,0.0
23.0,0.0,0.0,0.0,0.0,0.0,0.0,0.0,0.0,0.0
39.0,0.0,2.0,4700.0,2.0,0.0,0.0,0.0,0.0,0.0
77.0,0.0,1.0,0.0,1.0,0.0,0.0,0.0,500.0,0.0
30.0,0.0,0.0,0.0,0.0,0.0,0.0,0.0,978.02,0.0
52.0,0.0,0.0,0.0,0.0,0.0,0.0,0.0,0.0,0.0
16.0,0.0,0.0,0.0,0.0,0.0,0.0,0.0,0.0,0.0
66.0,0.0,0.0,0.0,0.0,0.0,0.0,0.0,0.0,0.0
52.0,0.0,1.0,0.0,1.0,0.0,0.0,0.0,0.0,0.0
63.0,0.0,8.0,26324.0,2.0,2.0,4.0,0.0,0.0,0.0
62.0,0.0,0.0,0.0,0.0,0.0,0.0,0.0,0.0,1.0
66.0,0.0,0.0,0.0,0.0,0.0,0.0,0.0,0.0,0.0
23.0,9.0,6.0,31440.0,6.0,0.0,0.0,0.0,0.0,0.0
23.0,0.0,0.0,0.0,0.0,0.0,0.0,0.0,0.0,0.0
24.0,0.0,0.0,0.0,0.0,0.0,0.0,0.0,0.0,0.0
16.0,0.0,0.0,0.0,0.0,0.0,0.0,0.0,0.0,0.0
38.0,0.0,0.0,0.0,0.0,0.0,0.0,0.0,0.0,0.0
77.0,5.0,0.0,0.0,0.0,0.0,0.0,0.0,0.0,0.0
52.0,4.0,0.0,0.0,0.0,0.0,0.0,0.0,0.0,0.0
33.0,15.0,1.0,0.0,0.0,1.0,0.0,0.0,0.0,0.0
54.0,2.0,1.0,12499.0,0.0,0.0,1.0,0.0,0.0,0.0
78.0,0.0,0.0,0.0,0.0,0.0,0.0,0.0,0.0,0.0
40.0,0.0,1.0,0.0,1.0,0.0,0.0,0.0,0.0,0.0
77.0,0.0,4.0,98777.2,4.0,0.0,0.0,0.0,0.0,0.0
23.0,0.0,0.0,0.0,0.0,0.0,0.0,0.0,0.0,0.0
38.0,0.0,0.0,0.0,0.0,0.0,0.0,0.0,0.0,0.0
50.0,6.0,3.0,0.0,0.0,0.0,3.0,0.0,0.0,0.0
65.0,2.0,0.0,7405.0,0.0,0.0,0.0,0.0,0.0,0.0
61.0,0.0,0.0,0.0,0.0,0.0,0.0,0.0,0.0,0.0
18.0,13.0,0.0,66582.0,0.0,0.0,0.0,0.0,0.0,0.0
78.0,11.0,0.0,0.0,0.0,0.0,0.0,0.0,0.0,0.0
23.0,1.0,3.0,0.0,1.0,0.0,2.0,0.0,0.0,0.0
39.0,0.0,0.0,0.0,0.0,0.0,0.0,0.0,300.0,0.0
78.0,7.0,2.0,97711.0,1.0,1.0,0.0,0.0,0.0,0.0
37.0,15.0,2.0,0.0,0.0,1.0,1.0,0.0,0.0,0.0
23.0,2.0,0.0,0.0,0.0,0.0,0.0,0.0,0.0,0.0
2.0,5.0,1.0,33631.69,1.0,0.0,0.0,0.0,0.0,1.0
77.0,2.0,1.0,146334.0,1.0,0.0,0.0,0.0,0.0,0.0
2.0,0.0,0.0,0.0,0.0,0.0,0.0,0.0,0.0,0.0
2.0,0.0,0.0,0.0,0.0,0.0,0.0,0.0,0.0,0.0
74.0,0.0,0.0,0.0,0.0,0.0,0.0,0.0,0.0,0.0
27.0,0.0,0.0,0.0,0.0,0.0,0.0,0.0,0.0,0.0
59.0,0.0,5.0,0.0,5.0,0.0,0.0,0.0,0.0,0.0
62.0,0.0,4.0,50118.0,1.0,0.0,3.0,0.0,0.0,0.0
3.0,0.0,0.0,0.0,0.0,0.0,0.0,0.0,0.0,0.0
65.0,11.0,16.0,431010.0,16.0,0.0,0.0,0.0,0.0,0.0
38.0,1.0,0.0,0.0,0.0,0.0,0.0,0.0,129.38,0.0
42.0,0.0,2.0,19421.0,0.0,0.0,2.0,0.0,0.0,0.0
24.0,0.0,1.0,30838.0,1.0,0.0,0.0,0.0,12990.63,0.0
74.0,0.0,0.0,0.0,0.0,0.0,0.0,0.0,0.0,0.0
66.0,25.0,10.0,20041.0,10.0,0.0,0.0,0.0,1500.0,0.0
78.0,0.0,0.0,0.0,0.0,0.0,0.0,0.0,199.98,0.0
46.0,0.0,2.0,33825.0,0.0,0.0,2.0,0.0,0.0,0.0
77.0,0.0,0.0,0.0,0.0,0.0,0.0,0.0,13278.04,0.0
77.0,0.0,0.0,0.0,0.0,0.0,0.0,0.0,0.0,0.0
77.0,1.0,0.0,5614.0,0.0,0.0,0.0,0.0,0.0,0.0
3.0,0.0,0.0,0.0,0.0,0.0,0.0,0.0,0.0,0.0
64.0,1.0,7.0,64499.0,6.0,0.0,1.0,0.0,288.89,0.0
50.0,5.0,0.0,0.0,0.0,0.0,0.0,0.0,0.0,0.0
65.0,1.0,4.0,0.0,3.0,1.0,0.0,0.0,0.0,0.0
34.0,1.0,0.0,0.0,0.0,0.0,0.0,0.0,0.0,1.0
78.0,0.0,0.0,0.0,0.0,0.0,0.0,0.0,0.0,0.0
77.0,19.0,0.0,0.0,0.0,0.0,0.0,0.0,0.0,0.0
16.0,0.0,0.0,0.0,0.0,0.0,0.0,0.0,0.0,0.0
25.0,0.0,0.0,0.0,0.0,0.0,0.0,0.0,0.0,0.0
23.0,0.0,0.0,0.0,0.0,0.0,0.0,0.0,29420.49,0.0
1.0,0.0,0.0,0.0,0.0,0.0,0.0,0.0,0.0,0.0
74.0,3.0,0.0,3.25,0.0,0.0,0.0,0.0,0.0,0.0
37.0,17.0,4.0,0.0,4.0,0.0,0.0,0.0,0.0,0.0
66.0,0.0,0.0,5000.0,0.0,0.0,0.0,0.0,0.0,1.0
50.0,0.0,3.0,0.0,2.0,0.0,1.0,0.0,0.0,0.0
24.0,0.0,2.0,0.0,0.0,0.0,2.0,0.0,0.0,0.0
38.0,0.0,0.0,0.0,0.0,0.0,0.0,0.0,0.0,0.0
66.0,0.0,0.0,0.0,0.0,0.0,0.0,0.0,0.0,0.0
63.0,0.0,0.0,15028.0,0.0,0.0,0.0,0.0,0.0,0.0
63.0,5.0,0.0,20265.0,0.0,0.0,0.0,0.0,0.0,0.0
71.0,1.0,19.0,292595.0,14.0,4.0,1.0,0.0,0.0,0.0
27.0,16.0,0.0,3464.7,0.0,0.0,0.0,0.0,0.0,0.0
59.0,0.0,1.0,87222.0,0.0,0.0,1.0,0.0,2471.96,0.0
54.0,0.0,0.0,0.0,0.0,0.0,0.0,0.0,0.0,0.0
11.0,40.0,0.0,21136.0,0.0,0.0,0.0,0.0,0.0,1.0
78.0,0.0,0.0,0.0,0.0,0.0,0.0,0.0,0.0,0.0
66.0,18.0,0.0,0.0,0.0,0.0,0.0,0.0,56531.94,0.0
69.0,0.0,0.0,0.0,0.0,0.0,0.0,0.0,54603.5,0.0
71.0,0.0,6.0,0.0,6.0,0.0,0.0,0.0,0.0,0.0
26.0,17.0,0.0,5122.0,0.0,0.0,0.0,0.0,0.0,1.0
78.0,0.0,14.0,72612.0,9.0,3.0,2.0,0.0,0.0,0.0
74.0,0.0,0.0,0.0,0.0,0.0,0.0,0.0,0.0,0.0
22.0,0.0,5.0,105215.0,1.0,0.0,4.0,0.0,0.0,0.0
61.0,58.0,1.0,7019.0,1.0,0.0,0.0,0.0,0.0,0.0
77.0,0.0,1.0,0.0,1.0,0.0,0.0,0.0,0.0,0.0
63.0,0.0,0.0,0.0,0.0,0.0,0.0,0.0,0.0,0.0
63.0,0.0,0.0,0.0,0.0,0.0,0.0,0.0,0.0,0.0
35.0,1.0,6.0,0.0,6.0,0.0,0.0,0.0,0.0,0.0
66.0,1.0,0.0,0.0,0.0,0.0,0.0,0.0,0.0,0.0
39.0,0.0,2.0,0.0,1.0,0.0,1.0,0.0,0.0,0.0
2.0,22.0,5.0,268003.0,5.0,0.0,0.0,0.0,0.0,0.0
25.0,48.0,7.0,44374.0,7.0,0.0,0.0,0.0,0.0,0.0
24.0,2.0,2.0,0.0,1.0,0.0,1.0,0.0,0.0,0.0
24.0,0.0,0.0,0.0,0.0,0.0,0.0,0.0,0.0,0.0
66.0,0.0,0.0,0.0,0.0,0.0,0.0,0.0,0.0,0.0
25.0,0.0,0.0,0.0,0.0,0.0,0.0,0.0,0.0,0.0
43.0,2.0,0.0,0.0,0.0,0.0,0.0,0.0,0.0,0.0
23.0,0.0,0.0,0.0,0.0,0.0,0.0,0.0,0.0,0.0
27.0,0.0,0.0,0.0,0.0,0.0,0.0,0.0,0.0,0.0
65.0,2.0,0.0,20576.0,0.0,0.0,0.0,0.0,0.0,0.0
77.0,0.0,16.0,198688.0,7.0,9.0,0.0,0.0,0.0,0.0
39.0,45.0,4.0,59422.0,3.0,0.0,1.0,0.0,0.0,0.0
78.0,20.0,13.0,235674.0,7.0,1.0,5.0,0.0,0.0,0.0
50.0,22.0,0.0,0.0,0.0,0.0,0.0,0.0,0.0,0.0
65.0,0.0,0.0,0.0,0.0,0.0,0.0,0.0,0.0,0.0
30.0,0.0,0.0,0.0,0.0,0.0,0.0,0.0,0.0,0.0
24.0,0.0,0.0,0.0,0.0,0.0,0.0,0.0,0.0,0.0
26.0,1.0,8.0,6287.0,8.0,0.0,0.0,0.0,0.0,0.0
47.0,0.0,9.0,23436.0,9.0,0.0,0.0,0.0,0.0,0.0
50.0,0.0,3.0,3794.0,0.0,0.0,3.0,0.0,0.0,0.0
77.0,15.0,0.0,37200.0,0.0,0.0,0.0,0.0,0.0,0.0
50.0,0.0,0.0,0.0,0.0,0.0,0.0,0.0,0.0,0.0
62.0,0.0,0.0,0.0,0.0,0.0,0.0,0.0,0.0,0.0
54.0,0.0,0.0,78752.0,0.0,0.0,0.0,0.0,41036.13,0.0
24.0,0.0,1.0,6758.9,0.0,0.0,1.0,0.0,94659.63,0.0
3.0,0.0,0.0,0.0,0.0,0.0,0.0,0.0,0.0,0.0
42.0,0.0,1.0,14121.0,0.0,0.0,1.0,0.0,75420.34,0.0
39.0,0.0,0.0,0.0,0.0,0.0,0.0,0.0,41877.31,0.0
50.0,0.0,0.0,0.0,0.0,0.0,0.0,0.0,0.0,0.0
74.0,8.0,0.0,0.0,0.0,0.0,0.0,0.0,0.0,1.0
76.0,0.0,0.0,0.0,0.0,0.0,0.0,0.0,0.0,0.0
76.0,12.0,21.0,15000.0,19.0,2.0,0.0,0.0,0.0,0.0
66.0,6.0,0.0,0.0,0.0,0.0,0.0,0.0,0.0,0.0
78.0,1.0,0.0,0.0,0.0,0.0,0.0,0.0,0.0,0.0
50.0,0.0,1.0,0.0,1.0,0.0,0.0,0.0,24569.32,0.0
54.0,0.0,0.0,0.0,0.0,0.0,0.0,0.0,0.0,0.0
77.0,0.0,4.0,113194.0,0.0,1.0,3.0,0.0,31286.19,0.0
13.0,0.0,0.0,0.0,0.0,0.0,0.0,0.0,0.0,0.0
65.0,0.0,1.0,0.0,0.0,1.0,0.0,0.0,0.0,0.0
77.0,5.0,0.0,0.0,0.0,0.0,0.0,0.0,0.0,0.0
2.0,0.0,0.0,0.0,0.0,0.0,0.0,0.0,0.0,0.0
16.0,0.0,0.0,0.0,0.0,0.0,0.0,0.0,300.0,0.0
18.0,0.0,0.0,0.0,0.0,0.0,0.0,0.0,0.0,0.0
42.0,1.0,0.0,0.0,0.0,0.0,0.0,0.0,0.0,0.0
23.0,7.0,0.0,7288.99,0.0,0.0,0.0,0.0,0.0,0.0
78.0,21.0,0.0,0.0,0.0,0.0,0.0,0.0,0.0,0.0
59.0,0.0,0.0,0.0,0.0,0.0,0.0,0.0,0.0,0.0
16.0,0.0,35.0,0.0,35.0,0.0,0.0,0.0,0.0,0.0
77.0,0.0,0.0,0.0,0.0,0.0,0.0,0.0,0.0,0.0
55.0,0.0,4.0,23412.0,1.0,2.0,1.0,0.0,0.0,0.0
35.0,0.0,0.0,0.0,0.0,0.0,0.0,0.0,0.0,0.0
39.0,10.0,1.0,59178.0,1.0,0.0,0.0,0.0,0.0,0.0
18.0,0.0,0.0,0.0,0.0,0.0,0.0,0.0,0.0,0.0
25.0,1.0,0.0,17409.53,0.0,0.0,0.0,0.0,0.0,0.0
70.0,3.0,0.0,0.0,0.0,0.0,0.0,0.0,0.0,0.0
72.0,0.0,0.0,0.0,0.0,0.0,0.0,0.0,0.0,0.0
45.0,0.0,0.0,0.0,0.0,0.0,0.0,0.0,0.0,1.0
36.0,0.0,0.0,0.0,0.0,0.0,0.0,0.0,0.0,0.0
47.0,0.0,0.0,0.0,0.0,0.0,0.0,0.0,0.0,0.0
19.0,0.0,2.0,7375.0,2.0,0.0,0.0,0.0,0.0,0.0
23.0,0.0,4.0,20784.17,2.0,1.0,1.0,0.0,0.0,0.0
38.0,0.0,0.0,0.0,0.0,0.0,0.0,0.0,0.0,0.0
62.0,0.0,0.0,37145.0,0.0,0.0,0.0,0.0,0.0,0.0
48.0,0.0,19.0,647931.0,1.0,1.0,17.0,0.0,0.0,0.0
50.0,3.0,15.0,145479.0,14.0,1.0,0.0,0.0,10627.14,0.0
14.0,1.0,1.0,7354.0,1.0,0.0,0.0,0.0,18000.0,0.0
51.0,10.0,8.0,56326.0,7.0,1.0,0.0,0.0,0.0,0.0
77.0,0.0,0.0,0.0,0.0,0.0,0.0,0.0,1500.0,0.0
63.0,0.0,0.0,0.0,0.0,0.0,0.0,0.0,0.0,0.0
38.0,0.0,0.0,0.0,0.0,0.0,0.0,0.0,0.0,0.0
9.0,1.0,0.0,0.0,0.0,0.0,0.0,0.0,0.0,0.0
77.0,8.0,6.0,56130.0,4.0,1.0,1.0,0.0,0.0,0.0
61.0,0.0,0.0,0.0,0.0,0.0,0.0,0.0,0.0,0.0
77.0,0.0,0.0,0.0,0.0,0.0,0.0,0.0,0.0,0.0
63.0,11.0,2.0,105454.88,1.0,1.0,0.0,0.0,0.0,0.0
78.0,0.0,0.0,0.0,0.0,0.0,0.0,0.0,0.0,0.0
50.0,0.0,1.0,0.0,1.0,0.0,0.0,352516.25,0.0,0.0
21.0,1.0,7.0,9321.0,7.0,0.0,0.0,0.0,0.0,0.0
66.0,0.0,0.0,0.0,0.0,0.0,0.0,0.0,63931.2,0.0
50.0,0.0,7.0,137520.0,3.0,0.0,4.0,0.0,0.0,0.0
77.0,0.0,0.0,0.0,0.0,0.0,0.0,0.0,0.0,0.0
78.0,0.0,0.0,0.0,0.0,0.0,0.0,0.0,0.0,0.0
77.0,0.0,0.0,0.0,0.0,0.0,0.0,0.0,0.0,0.0
23.0,3.0,0.0,0.0,0.0,0.0,0.0,0.0,0.0,0.0
44.0,0.0,2.0,5102.37,0.0,1.0,1.0,0.0,0.0,0.0
74.0,23.0,3.0,101207.0,3.0,0.0,0.0,0.0,0.0,0.0
73.0,0.0,5.0,28748.0,2.0,0.0,3.0,16800.02,84004.45,0.0
47.0,0.0,0.0,0.0,0.0,0.0,0.0,0.0,0.0,0.0
86.0,0.0,0.0,0.0,0.0,0.0,0.0,0.0,0.0,0.0
38.0,0.0,0.0,0.0,0.0,0.0,0.0,0.0,0.0,0.0
39.0,0.0,0.0,0.0,0.0,0.0,0.0,0.0,0.0,0.0
51.0,2.0,0.0,0.0,0.0,0.0,0.0,0.0,0.0,0.0
22.0,1.0,0.0,0.0,0.0,0.0,0.0,0.0,0.0,0.0
54.0,28.0,1.0,0.0,1.0,0.0,0.0,0.0,0.0,1.0
52.0,0.0,8.0,6042.0,8.0,0.0,0.0,0.0,0.0,0.0
63.0,6.0,4.0,7286.0,3.0,0.0,1.0,0.0,0.0,0.0
66.0,0.0,0.0,0.0,0.0,0.0,0.0,0.0,0.0,0.0
61.0,0.0,1.0,49338.0,0.0,0.0,1.0,0.0,0.0,0.0
63.0,0.0,0.0,0.0,0.0,0.0,0.0,0.0,0.0,0.0
39.0,4.0,11.0,77925.0,11.0,0.0,0.0,0.0,0.0,0.0
41.0,0.0,1.0,0.0,1.0,0.0,0.0,0.0,0.0,0.0
55.0,0.0,0.0,0.0,0.0,0.0,0.0,0.0,0.0,0.0
77.0,0.0,0.0,0.0,0.0,0.0,0.0,0.0,0.0,0.0
66.0,19.0,15.0,163487.0,11.0,4.0,0.0,0.0,0.0,0.0
25.0,0.0,0.0,0.0,0.0,0.0,0.0,0.0,0.0,0.0
66.0,0.0,0.0,0.0,0.0,0.0,0.0,0.0,0.0,0.0
26.0,0.0,1.0,14982.0,0.0,0.0,1.0,5358.58,0.0,0.0
67.0,40.0,0.0,0.0,0.0,0.0,0.0,0.0,0.0,0.0
51.0,11.0,7.0,7500.0,7.0,0.0,0.0,0.0,0.0,0.0
43.0,0.0,0.0,0.0,0.0,0.0,0.0,0.0,0.0,0.0
52.0,0.0,0.0,0.0,0.0,0.0,0.0,0.0,0.0,0.0
50.0,0.0,0.0,0.0,0.0,0.0,0.0,0.0,62425.39,0.0
36.0,20.0,10.0,78004.0,6.0,2.0,2.0,0.0,0.0,0.0
56.0,1.0,0.0,0.0,0.0,0.0,0.0,0.0,0.0,0.0
13.0,0.0,1.0,0.0,1.0,0.0,0.0,0.0,0.0,0.0
50.0,0.0,0.0,0.0,0.0,0.0,0.0,0.0,500.0,0.0
50.0,0.0,12.0,0.0,12.0,0.0,0.0,0.0,0.0,0.0
38.0,0.0,0.0,0.0,0.0,0.0,0.0,0.0,0.0,0.0
66.0,21.0,1.0,30530.0,0.0,0.0,1.0,0.0,0.0,0.0
58.0,0.0,0.0,0.0,0.0,0.0,0.0,0.0,0.0,0.0
23.0,0.0,0.0,0.0,0.0,0.0,0.0,0.0,0.0,0.0
16.0,0.0,6.0,46985.0,2.0,0.0,4.0,0.0,292.19,0.0
58.0,0.0,0.0,0.0,0.0,0.0,0.0,0.0,0.0,0.0
72.0,0.0,3.0,0.0,1.0,0.0,2.0,0.0,0.0,0.0
27.0,0.0,0.0,0.0,0.0,0.0,0.0,0.0,0.0,0.0
2.0,1.0,1.0,22500.0,0.0,0.0,1.0,0.0,0.0,0.0
39.0,1.0,0.0,27232.34,0.0,0.0,0.0,0.0,0.0,1.0
77.0,0.0,1.0,186.0,1.0,0.0,0.0,0.0,0.0,0.0
37.0,0.0,0.0,0.0,0.0,0.0,0.0,0.0,0.0,0.0
38.0,8.0,0.0,0.0,0.0,0.0,0.0,0.0,1400.82,0.0
50.0,1.0,0.0,0.0,0.0,0.0,0.0,0.0,0.0,0.0
68.0,0.0,0.0,0.0,0.0,0.0,0.0,0.0,0.0,0.0
59.0,0.0,0.0,0.0,0.0,0.0,0.0,0.0,0.0,0.0
77.0,0.0,0.0,0.0,0.0,0.0,0.0,0.0,0.0,0.0
25.0,0.0,0.0,0.0,0.0,0.0,0.0,0.0,0.0,0.0
78.0,14.0,0.0,37688.0,0.0,0.0,0.0,0.0,0.0,0.0
59.0,0.0,5.0,0.0,5.0,0.0,0.0,0.0,0.0,0.0
75.0,15.0,0.0,5792.0,0.0,0.0,0.0,0.0,0.0,1.0
48.0,0.0,18.0,0.0,18.0,0.0,0.0,0.0,0.0,0.0
61.0,38.0,0.0,0.0,0.0,0.0,0.0,0.0,0.0,0.0
16.0,0.0,0.0,0.0,0.0,0.0,0.0,0.0,0.0,0.0
23.0,42.0,16.0,17170.0,16.0,0.0,0.0,0.0,0.0,0.0
21.0,0.0,0.0,0.0,0.0,0.0,0.0,0.0,0.0,0.0
21.0,0.0,1.0,0.0,1.0,0.0,0.0,0.0,0.0,0.0
29.0,0.0,0.0,0.0,0.0,0.0,0.0,0.0,0.0,0.0
23.0,1.0,1.0,0.0,1.0,0.0,0.0,0.0,0.0,0.0
50.0,0.0,3.0,0.0,3.0,0.0,0.0,0.0,0.0,0.0
78.0,0.0,0.0,0.0,0.0,0.0,0.0,0.0,0.0,0.0
46.0,0.0,0.0,0.0,0.0,0.0,0.0,0.0,0.0,0.0
42.0,0.0,0.0,0.0,0.0,0.0,0.0,0.0,0.0,0.0
50.0,18.0,1.0,86676.0,1.0,0.0,0.0,0.0,0.0,0.0
78.0,0.0,0.0,0.0,0.0,0.0,0.0,0.0,0.0,0.0
25.0,0.0,1.0,6000.0,0.0,0.0,1.0,0.0,0.0,0.0
11.0,0.0,2.0,6929.0,0.0,0.0,2.0,66926.27,20765.02,0.0
53.0,23.0,0.0,39362.0,0.0,0.0,0.0,0.0,0.0,0.0
24.0,0.0,0.0,0.0,0.0,0.0,0.0,0.0,0.0,0.0
77.0,10.0,0.0,0.0,0.0,0.0,0.0,0.0,0.0,0.0
71.0,0.0,0.0,0.0,0.0,0.0,0.0,0.0,0.0,0.0
71.0,0.0,3.0,0.0,3.0,0.0,0.0,0.0,0.0,0.0
23.0,0.0,2.0,90162.0,0.0,0.0,2.0,0.0,0.0,0.0
38.0,1.0,0.0,25735.0,0.0,0.0,0.0,0.0,0.0,0.0
73.0,0.0,0.0,0.0,0.0,0.0,0.0,0.0,0.0,0.0
34.0,13.0,15.0,93265.0,13.0,2.0,0.0,0.0,0.0,0.0
62.0,0.0,1.0,10443.0,1.0,0.0,0.0,0.0,0.0,0.0
42.0,0.0,1.0,14121.0,0.0,0.0,1.0,0.0,0.0,0.0
63.0,0.0,0.0,4426.85,0.0,0.0,0.0,0.0,0.0,0.0
53.0,0.0,0.0,0.0,0.0,0.0,0.0,0.0,35629.1,0.0
18.0,57.0,0.0,0.0,0.0,0.0,0.0,0.0,0.0,0.0
38.0,0.0,0.0,0.0,0.0,0.0,0.0,0.0,0.0,0.0
20.0,0.0,0.0,0.0,0.0,0.0,0.0,0.0,800.0,0.0
50.0,0.0,3.0,74895.86,2.0,1.0,0.0,0.0,0.0,0.0
77.0,6.0,0.0,0.0,0.0,0.0,0.0,0.0,0.0,0.0
78.0,0.0,0.0,0.0,0.0,0.0,0.0,0.0,0.0,0.0
18.0,2.0,3.0,49200.0,0.0,0.0,3.0,0.0,87414.16,0.0
43.0,48.0,0.0,55383.16,0.0,0.0,0.0,0.0,624.28,0.0
86.0,0.0,2.0,0.0,2.0,0.0,0.0,0.0,4193.13,0.0
16.0,0.0,0.0,0.0,0.0,0.0,0.0,0.0,0.0,0.0
38.0,0.0,0.0,0.0,0.0,0.0,0.0,0.0,0.0,0.0
23.0,0.0,1.0,0.0,1.0,0.0,0.0,0.0,0.0,0.0
34.0,7.0,0.0,0.0,0.0,0.0,0.0,0.0,0.0,0.0
23.0,2.0,2.0,17848.0,0.0,0.0,2.0,0.0,0.0,0.0
78.0,0.0,5.0,0.0,5.0,0.0,0.0,0.0,0.0,0.0
78.0,0.0,5.0,0.0,3.0,1.0,1.0,0.0,0.0,0.0
78.0,0.0,0.0,0.0,0.0,0.0,0.0,0.0,0.0,0.0
78.0,0.0,0.0,0.0,0.0,0.0,0.0,0.0,12974.76,0.0
21.0,0.0,0.0,0.0,0.0,0.0,0.0,0.0,1221.0,0.0
61.0,0.0,3.0,0.0,3.0,0.0,0.0,0.0,0.0,0.0
23.0,0.0,0.0,0.0,0.0,0.0,0.0,0.0,0.0,0.0
16.0,0.0,1.0,0.0,1.0,0.0,0.0,0.0,500.0,0.0
38.0,0.0,0.0,0.0,0.0,0.0,0.0,0.0,0.0,0.0
43.0,3.0,32.0,0.0,32.0,0.0,0.0,0.0,0.0,0.0
77.0,9.0,0.0,0.0,0.0,0.0,0.0,0.0,0.0,0.0
36.0,0.0,3.0,920.0,1.0,1.0,1.0,0.0,0.0,0.0
33.0,4.0,0.0,0.0,0.0,0.0,0.0,0.0,0.0,0.0
61.0,4.0,11.0,24178.0,11.0,0.0,0.0,0.0,0.0,0.0
23.0,0.0,0.0,0.0,0.0,0.0,0.0,0.0,0.0,0.0
7.0,0.0,0.0,0.0,0.0,0.0,0.0,0.0,0.0,0.0
24.0,11.0,3.0,0.0,1.0,2.0,0.0,0.0,0.0,1.0
62.0,0.0,0.0,0.0,0.0,0.0,0.0,0.0,0.0,1.0
52.0,0.0,10.0,0.0,10.0,0.0,0.0,0.0,0.0,0.0
66.0,0.0,0.0,0.0,0.0,0.0,0.0,0.0,0.0,0.0
77.0,0.0,1.0,26951.6,1.0,0.0,0.0,0.0,0.0,0.0
16.0,0.0,0.0,0.0,0.0,0.0,0.0,0.0,0.0,0.0
16.0,0.0,1.0,0.0,1.0,0.0,0.0,0.0,1000.0,0.0
38.0,0.0,1.0,0.0,0.0,1.0,0.0,0.0,0.0,0.0
59.0,0.0,0.0,0.0,0.0,0.0,0.0,0.0,81940.96,0.0
77.0,0.0,8.0,69737.0,4.0,1.0,3.0,0.0,0.0,0.0
86.0,6.0,0.0,0.0,0.0,0.0,0.0,0.0,0.0,0.0
54.0,0.0,11.0,70338.0,5.0,3.0,3.0,0.0,6668.64,0.0
51.0,12.0,27.0,93304.0,25.0,2.0,0.0,0.0,0.0,0.0
36.0,0.0,0.0,0.0,0.0,0.0,0.0,0.0,0.0,0.0
23.0,0.0,0.0,0.0,0.0,0.0,0.0,0.0,0.0,0.0
68.0,0.0,1.0,0.0,1.0,0.0,0.0,0.0,0.0,0.0
77.0,0.0,0.0,0.0,0.0,0.0,0.0,0.0,0.0,0.0
42.0,0.0,0.0,0.0,0.0,0.0,0.0,0.0,0.0,0.0
24.0,0.0,0.0,0.0,0.0,0.0,0.0,0.0,0.0,0.0
77.0,0.0,0.0,0.0,0.0,0.0,0.0,0.0,0.0,0.0
23.0,0.0,0.0,0.0,0.0,0.0,0.0,0.0,0.0,0.0
36.0,37.0,0.0,0.0,0.0,0.0,0.0,0.0,0.0,0.0
77.0,0.0,0.0,0.0,0.0,0.0,0.0,0.0,0.0,0.0
78.0,0.0,0.0,0.0,0.0,0.0,0.0,0.0,0.0,0.0
78.0,0.0,0.0,0.0,0.0,0.0,0.0,0.0,0.0,0.0
47.0,4.0,0.0,16863.0,0.0,0.0,0.0,0.0,3999.59,0.0
74.0,0.0,0.0,0.0,0.0,0.0,0.0,0.0,0.0,0.0
16.0,0.0,0.0,0.0,0.0,0.0,0.0,128154.32,0.0,0.0
35.0,6.0,0.0,0.0,0.0,0.0,0.0,0.0,0.0,0.0
42.0,0.0,3.0,48920.0,0.0,3.0,0.0,0.0,0.0,0.0
16.0,0.0,0.0,0.0,0.0,0.0,0.0,0.0,0.0,0.0
86.0,20.0,0.0,11600.0,0.0,0.0,0.0,0.0,0.0,0.0
72.0,0.0,0.0,0.0,0.0,0.0,0.0,0.0,0.0,0.0
61.0,0.0,0.0,0.0,0.0,0.0,0.0,0.0,0.0,0.0
73.0,0.0,0.0,0.0,0.0,0.0,0.0,0.0,0.0,0.0
25.0,0.0,0.0,0.0,0.0,0.0,0.0,0.0,0.0,0.0
50.0,9.0,8.0,62946.0,4.0,3.0,1.0,0.0,0.0,0.0
56.0,0.0,0.0,0.0,0.0,0.0,0.0,0.0,20701.7,0.0
78.0,0.0,0.0,0.0,0.0,0.0,0.0,0.0,0.0,0.0
16.0,0.0,0.0,0.0,0.0,0.0,0.0,0.0,0.0,0.0
66.0,18.0,3.0,15344.0,1.0,0.0,2.0,0.0,0.0,0.0
77.0,1.0,0.0,0.0,0.0,0.0,0.0,0.0,0.0,0.0
35.0,18.0,11.0,107436.0,7.0,2.0,2.0,0.0,0.0,0.0
63.0,7.0,14.0,134173.0,5.0,6.0,3.0,0.0,0.0,0.0
23.0,23.0,0.0,0.0,0.0,0.0,0.0,0.0,0.0,0.0
64.0,0.0,0.0,0.0,0.0,0.0,0.0,0.0,0.0,0.0
77.0,0.0,0.0,0.0,0.0,0.0,0.0,0.0,0.0,0.0
24.0,0.0,1.0,2131.42,0.0,0.0,1.0,0.0,205.0,0.0
33.0,0.0,1.0,2194.0,0.0,0.0,1.0,0.0,0.0,0.0
74.0,0.0,0.0,0.0,0.0,0.0,0.0,0.0,0.0,0.0
31.0,4.0,1.0,19334.0,1.0,0.0,0.0,0.0,0.0,0.0
61.0,3.0,23.0,100157.0,23.0,0.0,0.0,0.0,0.0,0.0
24.0,11.0,3.0,0.0,1.0,2.0,0.0,0.0,0.0,1.0
50.0,1.0,0.0,0.0,0.0,0.0,0.0,0.0,0.0,0.0
54.0,0.0,6.0,27893.0,5.0,1.0,0.0,0.0,7098.19,0.0
51.0,0.0,0.0,0.0,0.0,0.0,0.0,0.0,0.0,0.0
54.0,0.0,3.0,0.0,3.0,0.0,0.0,0.0,0.0,0.0
24.0,0.0,2.0,18281.45,0.0,2.0,0.0,0.0,0.0,0.0
69.0,0.0,1.0,0.0,0.0,0.0,1.0,0.0,0.0,0.0
24.0,19.0,0.0,0.0,0.0,0.0,0.0,0.0,0.0,1.0
34.0,28.0,0.0,0.0,0.0,0.0,0.0,0.0,0.0,0.0
50.0,0.0,0.0,0.0,0.0,0.0,0.0,0.0,136646.37,0.0
50.0,0.0,5.0,28516.0,2.0,2.0,1.0,0.0,0.0,0.0
27.0,4.0,0.0,0.0,0.0,0.0,0.0,0.0,0.0,1.0
86.0,0.0,0.0,0.0,0.0,0.0,0.0,0.0,0.0,0.0
54.0,0.0,0.0,0.0,0.0,0.0,0.0,0.0,0.0,0.0
62.0,0.0,0.0,0.0,0.0,0.0,0.0,0.0,0.0,1.0
22.0,14.0,0.0,0.0,0.0,0.0,0.0,0.0,0.0,0.0
53.0,0.0,3.0,51590.0,3.0,0.0,0.0,0.0,0.0,0.0
23.0,0.0,0.0,0.0,0.0,0.0,0.0,0.0,0.0,0.0
74.0,0.0,1.0,0.0,0.0,0.0,1.0,0.0,0.0,0.0
61.0,6.0,12.0,0.0,12.0,0.0,0.0,0.0,0.0,0.0
55.0,0.0,0.0,0.0,0.0,0.0,0.0,0.0,0.0,0.0
78.0,1.0,0.0,0.0,0.0,0.0,0.0,0.0,0.0,0.0
55.0,0.0,0.0,0.0,0.0,0.0,0.0,0.0,0.0,0.0
35.0,1.0,15.0,4241.0,15.0,0.0,0.0,0.0,0.0,0.0
86.0,0.0,0.0,58470.0,0.0,0.0,0.0,0.0,0.0,0.0
78.0,0.0,0.0,0.0,0.0,0.0,0.0,0.0,0.0,0.0
71.0,0.0,1.0,38522.0,0.0,0.0,1.0,0.0,0.0,0.0
16.0,15.0,13.0,7183.0,9.0,2.0,2.0,0.0,11353.85,0.0
77.0,0.0,0.0,0.0,0.0,0.0,0.0,0.0,2000.0,0.0
73.0,0.0,0.0,0.0,0.0,0.0,0.0,0.0,0.0,0.0
66.0,2.0,1.0,0.0,1.0,0.0,0.0,0.0,0.0,0.0
23.0,0.0,0.0,0.0,0.0,0.0,0.0,0.0,0.0,0.0
54.0,0.0,0.0,0.0,0.0,0.0,0.0,0.0,0.0,0.0
43.0,2.0,0.0,0.0,0.0,0.0,0.0,0.0,0.0,0.0
21.0,0.0,0.0,0.0,0.0,0.0,0.0,0.0,0.0,0.0
39.0,9.0,9.0,79936.0,8.0,0.0,1.0,0.0,0.0,0.0
14.0,0.0,11.0,65047.0,10.0,0.0,1.0,0.0,4466.72,0.0
40.0,11.0,0.0,0.0,0.0,0.0,0.0,0.0,0.0,0.0
66.0,0.0,0.0,0.0,0.0,0.0,0.0,0.0,0.0,0.0
21.0,2.0,4.0,15655.0,1.0,0.0,3.0,0.0,21478.71,0.0
12.0,24.0,0.0,0.0,0.0,0.0,0.0,0.0,0.0,0.0
2.0,0.0,2.0,0.0,2.0,0.0,0.0,0.0,0.0,0.0
74.0,8.0,0.0,0.0,0.0,0.0,0.0,0.0,0.0,1.0
89.0,0.0,2.0,0.0,1.0,1.0,0.0,0.0,0.0,0.0
16.0,7.0,0.0,45683.0,0.0,0.0,0.0,0.0,0.0,0.0
39.0,0.0,0.0,0.0,0.0,0.0,0.0,0.0,0.0,0.0
76.0,0.0,0.0,0.0,0.0,0.0,0.0,0.0,0.0,0.0
52.0,52.0,0.0,60527.0,0.0,0.0,0.0,0.0,0.0,0.0
10.0,0.0,0.0,0.0,0.0,0.0,0.0,0.0,0.0,0.0
45.0,0.0,0.0,0.0,0.0,0.0,0.0,0.0,0.0,1.0
72.0,0.0,0.0,0.0,0.0,0.0,0.0,0.0,0.0,0.0
39.0,0.0,0.0,0.0,0.0,0.0,0.0,0.0,0.0,0.0
77.0,0.0,0.0,0.0,0.0,0.0,0.0,0.0,0.0,0.0
24.0,9.0,0.0,0.0,0.0,0.0,0.0,0.0,0.0,0.0
26.0,0.0,3.0,8908.0,2.0,1.0,0.0,0.0,0.0,0.0
38.0,0.0,0.0,12621.03,0.0,0.0,0.0,0.0,0.0,0.0
63.0,1.0,1.0,4000.0,1.0,0.0,0.0,0.0,0.0,0.0
64.0,0.0,1.0,9121.0,0.0,0.0,1.0,0.0,0.0,0.0
52.0,5.0,17.0,95832.0,13.0,1.0,3.0,0.0,47065.13,0.0
89.0,0.0,0.0,0.0,0.0,0.0,0.0,0.0,0.0,0.0
11.0,0.0,0.0,0.0,0.0,0.0,0.0,0.0,0.0,0.0
36.0,5.0,2.0,2657.0,1.0,1.0,0.0,0.0,0.0,0.0
78.0,11.0,1.0,3350.0,0.0,0.0,1.0,0.0,0.0,0.0
59.0,0.0,0.0,0.0,0.0,0.0,0.0,0.0,0.0,0.0
66.0,10.0,0.0,0.0,0.0,0.0,0.0,0.0,0.0,0.0
29.0,8.0,0.0,0.0,0.0,0.0,0.0,0.0,0.0,0.0
36.0,0.0,0.0,0.0,0.0,0.0,0.0,0.0,2000.0,0.0
63.0,15.0,7.0,191107.0,7.0,0.0,0.0,0.0,323.24,0.0
77.0,0.0,0.0,0.0,0.0,0.0,0.0,0.0,0.0,0.0
77.0,0.0,0.0,0.0,0.0,0.0,0.0,0.0,0.0,0.0
66.0,8.0,0.0,3876.0,0.0,0.0,0.0,0.0,0.0,0.0
66.0,0.0,0.0,0.0,0.0,0.0,0.0,0.0,0.0,0.0
24.0,0.0,0.0,0.0,0.0,0.0,0.0,0.0,0.0,0.0
76.0,0.0,0.0,0.0,0.0,0.0,0.0,0.0,0.0,0.0
45.0,14.0,6.0,110200.92,5.0,0.0,1.0,0.0,0.0,1.0
66.0,0.0,0.0,0.0,0.0,0.0,0.0,0.0,0.0,0.0
66.0,3.0,2.0,0.0,2.0,0.0,0.0,0.0,38734.71,0.0
52.0,0.0,0.0,0.0,0.0,0.0,0.0,0.0,0.0,0.0
54.0,1.0,0.0,0.0,0.0,0.0,0.0,0.0,0.0,0.0
64.0,0.0,1.0,4094500.0,1.0,0.0,0.0,0.0,0.0,0.0
23.0,0.0,0.0,0.0,0.0,0.0,0.0,0.0,0.0,0.0
2.0,0.0,1.0,26452.0,0.0,0.0,1.0,0.0,0.0,0.0
67.0,0.0,0.0,0.0,0.0,0.0,0.0,0.0,0.0,0.0
31.0,3.0,3.0,29693.0,3.0,0.0,0.0,0.0,0.0,0.0
29.0,8.0,0.0,34200.0,0.0,0.0,0.0,0.0,0.0,0.0
77.0,30.0,2.0,32033.2,2.0,0.0,0.0,0.0,0.0,0.0
42.0,0.0,0.0,15000.0,0.0,0.0,0.0,0.0,0.0,0.0
77.0,1.0,1.0,0.0,1.0,0.0,0.0,0.0,0.0,0.0
74.0,0.0,0.0,0.0,0.0,0.0,0.0,0.0,0.0,0.0
77.0,1.0,0.0,0.0,0.0,0.0,0.0,0.0,17044.32,0.0
23.0,0.0,0.0,0.0,0.0,0.0,0.0,0.0,0.0,0.0
54.0,28.0,1.0,0.0,1.0,0.0,0.0,0.0,0.0,1.0
18.0,2.0,14.0,158541.0,10.0,0.0,4.0,0.0,0.0,0.0
7.0,0.0,2.0,16000.0,0.0,0.0,2.0,0.0,0.0,0.0
72.0,0.0,0.0,0.0,0.0,0.0,0.0,0.0,108850.56,0.0
26.0,5.0,18.0,30206.0,13.0,4.0,1.0,0.0,0.0,0.0
74.0,0.0,5.0,194802.72,0.0,0.0,5.0,4366.65,0.0,0.0
10.0,3.0,1.0,0.0,1.0,0.0,0.0,0.0,0.0,0.0
77.0,0.0,0.0,0.0,0.0,0.0,0.0,0.0,0.0,0.0
77.0,0.0,0.0,0.0,0.0,0.0,0.0,0.0,0.0,0.0
77.0,0.0,5.0,600.0,5.0,0.0,0.0,0.0,0.0,0.0
27.0,0.0,0.0,0.0,0.0,0.0,0.0,0.0,0.0,0.0
16.0,0.0,0.0,0.0,0.0,0.0,0.0,0.0,0.0,0.0
2.0,0.0,1.0,0.0,1.0,0.0,0.0,0.0,0.0,0.0
66.0,0.0,12.0,116605.0,1.0,1.0,10.0,70529.67,0.0,0.0
71.0,0.0,0.0,0.0,0.0,0.0,0.0,0.0,0.0,0.0
63.0,0.0,0.0,0.0,0.0,0.0,0.0,0.0,0.0,0.0
66.0,0.0,0.0,0.0,0.0,0.0,0.0,0.0,0.0,0.0
59.0,0.0,14.0,190347.0,11.0,0.0,3.0,0.0,1000.0,0.0
18.0,2.0,1.0,0.0,1.0,0.0,0.0,0.0,0.0,0.0
78.0,0.0,0.0,7636.0,0.0,0.0,0.0,0.0,0.0,0.0
50.0,0.0,0.0,0.0,0.0,0.0,0.0,0.0,0.0,0.0
46.0,0.0,1.0,1043.0,0.0,0.0,1.0,0.0,0.0,0.0
23.0,0.0,0.0,0.0,0.0,0.0,0.0,0.0,0.0,0.0
66.0,0.0,0.0,0.0,0.0,0.0,0.0,0.0,0.0,0.0
27.0,0.0,1.0,0.0,1.0,0.0,0.0,0.0,0.0,1.0
61.0,1.0,0.0,0.0,0.0,0.0,0.0,0.0,0.0,0.0
78.0,51.0,5.0,12600.0,5.0,0.0,0.0,0.0,0.0,0.0
3.0,0.0,0.0,0.0,0.0,0.0,0.0,0.0,0.0,1.0
67.0,0.0,0.0,0.0,0.0,0.0,0.0,0.0,0.0,0.0
86.0,0.0,0.0,0.0,0.0,0.0,0.0,0.0,2000.0,0.0
77.0,1.0,0.0,0.0,0.0,0.0,0.0,0.0,0.0,0.0
54.0,0.0,0.0,0.0,0.0,0.0,0.0,0.0,0.0,0.0
36.0,0.0,0.0,0.0,0.0,0.0,0.0,0.0,7782.57,0.0
52.0,0.0,1.0,43167.0,0.0,0.0,1.0,0.0,0.0,0.0
55.0,0.0,0.0,0.0,0.0,0.0,0.0,0.0,0.0,0.0
74.0,8.0,0.0,0.0,0.0,0.0,0.0,0.0,0.0,1.0
78.0,41.0,14.0,26609.0,14.0,0.0,0.0,0.0,0.0,0.0
22.0,0.0,0.0,0.0,0.0,0.0,0.0,0.0,0.0,0.0
2.0,0.0,0.0,0.0,0.0,0.0,0.0,0.0,0.0,0.0
36.0,0.0,0.0,5837.0,0.0,0.0,0.0,0.0,0.0,0.0
26.0,4.0,5.0,105558.0,0.0,1.0,4.0,0.0,0.0,0.0
38.0,12.0,5.0,131390.0,4.0,1.0,0.0,0.0,0.0,0.0
50.0,0.0,7.0,27527.0,5.0,1.0,1.0,0.0,0.0,0.0
71.0,0.0,0.0,0.0,0.0,0.0,0.0,0.0,0.0,0.0
50.0,0.0,0.0,23981.0,0.0,0.0,0.0,0.0,0.0,0.0
2.0,1.0,0.0,0.0,0.0,0.0,0.0,0.0,0.0,0.0
70.0,0.0,0.0,0.0,0.0,0.0,0.0,0.0,0.0,0.0
19.0,0.0,0.0,0.0,0.0,0.0,0.0,0.0,0.0,0.0
62.0,0.0,5.0,30206.0,3.0,0.0,2.0,7445.08,3063.62,0.0
29.0,0.0,15.0,96577.0,2.0,0.0,13.0,0.0,31198.86,0.0
77.0,0.0,2.0,0.0,2.0,0.0,0.0,0.0,0.0,0.0
16.0,0.0,11.0,0.0,7.0,2.0,2.0,0.0,0.0,0.0
50.0,0.0,0.0,12382.14,0.0,0.0,0.0,0.0,0.0,0.0
59.0,0.0,2.0,0.0,2.0,0.0,0.0,0.0,0.0,0.0
37.0,0.0,0.0,0.0,0.0,0.0,0.0,0.0,0.0,0.0
45.0,0.0,8.0,176306.0,1.0,0.0,7.0,66479.18,0.0,0.0
66.0,0.0,0.0,0.0,0.0,0.0,0.0,0.0,1612.68,0.0
70.0,0.0,0.0,0.0,0.0,0.0,0.0,0.0,9064.18,0.0
77.0,0.0,0.0,0.0,0.0,0.0,0.0,0.0,779.8,0.0
78.0,0.0,1.0,61785.21,0.0,0.0,1.0,0.0,75551.18,0.0
23.0,0.0,0.0,0.0,0.0,0.0,0.0,0.0,0.0,0.0
25.0,0.0,0.0,0.0,0.0,0.0,0.0,0.0,0.0,0.0
23.0,0.0,0.0,0.0,0.0,0.0,0.0,0.0,0.0,0.0
36.0,0.0,1.0,0.0,1.0,0.0,0.0,0.0,0.0,0.0
23.0,1.0,0.0,0.0,0.0,0.0,0.0,0.0,0.0,0.0
31.0,0.0,0.0,0.0,0.0,0.0,0.0,0.0,0.0,0.0
26.0,17.0,0.0,5122.0,0.0,0.0,0.0,0.0,0.0,1.0
74.0,0.0,0.0,0.0,0.0,0.0,0.0,0.0,0.0,0.0
77.0,0.0,0.0,0.0,0.0,0.0,0.0,0.0,286.07,0.0
41.0,15.0,1.0,0.0,0.0,0.0,1.0,0.0,0.0,0.0
61.0,0.0,2.0,41394.0,0.0,0.0,2.0,0.0,300.0,0.0
77.0,0.0,0.0,0.0,0.0,0.0,0.0,0.0,0.0,1.0
66.0,2.0,1.0,0.0,1.0,0.0,0.0,0.0,0.0,0.0
70.0,0.0,0.0,0.0,0.0,0.0,0.0,0.0,0.0,0.0
74.0,0.0,4.0,21867.0,2.0,0.0,2.0,0.0,0.0,0.0
21.0,0.0,2.0,0.0,2.0,0.0,0.0,0.0,0.0,1.0
24.0,0.0,0.0,0.0,0.0,0.0,0.0,0.0,0.0,0.0
27.0,0.0,1.0,0.0,1.0,0.0,0.0,0.0,0.0,1.0
53.0,0.0,3.0,28909.0,0.0,0.0,3.0,0.0,35629.1,0.0
78.0,0.0,0.0,0.0,0.0,0.0,0.0,0.0,0.0,0.0
78.0,3.0,6.0,125837.0,6.0,0.0,0.0,0.0,0.0,0.0
22.0,0.0,7.0,129564.0,0.0,0.0,7.0,47978.62,17300.24,0.0
34.0,0.0,0.0,0.0,0.0,0.0,0.0,0.0,0.0,0.0
27.0,0.0,0.0,0.0,0.0,0.0,0.0,0.0,0.0,0.0
50.0,0.0,0.0,0.0,0.0,0.0,0.0,0.0,0.0,0.0
2.0,0.0,0.0,0.0,0.0,0.0,0.0,0.0,0.0,0.0
50.0,2.0,4.0,133519.0,3.0,1.0,0.0,0.0,5000.0,0.0
23.0,0.0,0.0,0.0,0.0,0.0,0.0,0.0,0.0,0.0
63.0,0.0,1.0,8771.0,0.0,1.0,0.0,0.0,0.0,0.0
61.0,0.0,9.0,0.0,9.0,0.0,0.0,0.0,10868.64,0.0
42.0,21.0,4.0,17244.85,4.0,0.0,0.0,0.0,0.0,0.0
16.0,2.0,0.0,0.0,0.0,0.0,0.0,0.0,0.0,0.0
19.0,0.0,1.0,0.0,1.0,0.0,0.0,0.0,0.0,0.0
58.0,0.0,0.0,0.0,0.0,0.0,0.0,0.0,0.0,0.0
41.0,0.0,0.0,0.0,0.0,0.0,0.0,0.0,0.0,0.0
60.0,16.0,0.0,0.0,0.0,0.0,0.0,0.0,0.0,0.0
22.0,0.0,0.0,0.0,0.0,0.0,0.0,0.0,340.88,0.0
77.0,0.0,1.0,186.0,1.0,0.0,0.0,0.0,0.0,0.0
24.0,0.0,0.0,0.0,0.0,0.0,0.0,0.0,0.0,0.0
33.0,23.0,5.0,0.0,5.0,0.0,0.0,0.0,0.0,0.0
25.0,3.0,5.0,0.0,5.0,0.0,0.0,0.0,0.0,0.0
24.0,19.0,0.0,0.0,0.0,0.0,0.0,0.0,0.0,1.0
78.0,0.0,1.0,0.0,1.0,0.0,0.0,0.0,0.0,0.0
23.0,0.0,0.0,0.0,0.0,0.0,0.0,0.0,0.0,0.0
68.0,0.0,5.0,91351.0,0.0,1.0,4.0,0.0,0.0,0.0
50.0,0.0,0.0,0.0,0.0,0.0,0.0,0.0,0.0,0.0
58.0,5.0,2.0,16300.0,0.0,0.0,2.0,0.0,300.0,0.0
62.0,0.0,3.0,97180.0,0.0,0.0,3.0,0.0,0.0,0.0
66.0,0.0,0.0,0.0,0.0,0.0,0.0,0.0,0.0,0.0
31.0,2.0,15.0,0.0,15.0,0.0,0.0,0.0,0.0,0.0
54.0,4.0,1.0,49000.0,1.0,0.0,0.0,0.0,0.0,0.0
31.0,40.0,9.0,167062.0,4.0,2.0,3.0,0.0,0.0,0.0
39.0,0.0,0.0,0.0,0.0,0.0,0.0,0.0,37391.35,0.0
47.0,0.0,5.0,0.0,5.0,0.0,0.0,0.0,0.0,0.0
52.0,0.0,0.0,0.0,0.0,0.0,0.0,0.0,0.0,0.0
71.0,0.0,0.0,0.0,0.0,0.0,0.0,0.0,0.0,1.0
42.0,0.0,11.0,0.0,7.0,1.0,3.0,0.0,0.0,0.0
72.0,1.0,7.0,70806.0,3.0,3.0,1.0,0.0,0.0,0.0
26.0,0.0,0.0,0.0,0.0,0.0,0.0,0.0,0.0,0.0
66.0,12.0,0.0,4517.0,0.0,0.0,0.0,0.0,0.0,0.0
26.0,0.0,0.0,0.0,0.0,0.0,0.0,0.0,0.0,0.0
23.0,0.0,0.0,0.0,0.0,0.0,0.0,0.0,0.0,0.0
27.0,0.0,0.0,23545.43,0.0,0.0,0.0,0.0,0.0,0.0
66.0,2.0,4.0,106287.0,1.0,0.0,3.0,0.0,0.0,0.0
74.0,0.0,0.0,0.0,0.0,0.0,0.0,0.0,0.0,0.0
77.0,27.0,1.0,99530.0,1.0,0.0,0.0,0.0,0.0,0.0
76.0,0.0,0.0,0.0,0.0,0.0,0.0,0.0,0.0,0.0
78.0,0.0,2.0,115697.0,2.0,0.0,0.0,0.0,0.0,0.0
66.0,12.0,9.0,78134.0,9.0,0.0,0.0,0.0,0.0,0.0
66.0,23.0,1.0,94424.0,1.0,0.0,0.0,0.0,0.0,0.0
77.0,0.0,0.0,0.0,0.0,0.0,0.0,0.0,0.0,0.0
31.0,24.0,1.0,13600.0,0.0,0.0,1.0,0.0,0.0,0.0
72.0,0.0,0.0,0.0,0.0,0.0,0.0,0.0,0.0,0.0
57.0,0.0,7.0,341642.0,0.0,0.0,7.0,0.0,182.91,0.0
34.0,0.0,3.0,10405.0,1.0,0.0,2.0,12498.25,0.0,0.0
25.0,0.0,2.0,0.0,2.0,0.0,0.0,0.0,0.0,0.0
63.0,0.0,2.0,241.0,0.0,0.0,2.0,0.0,0.0,0.0
10.0,9.0,2.0,17381.0,1.0,0.0,1.0,0.0,0.0,0.0
16.0,0.0,0.0,0.0,0.0,0.0,0.0,0.0,0.0,0.0
54.0,28.0,3.0,32956.0,0.0,1.0,2.0,0.0,0.0,0.0
77.0,0.0,0.0,0.0,0.0,0.0,0.0,0.0,0.0,0.0
34.0,1.0,0.0,0.0,0.0,0.0,0.0,0.0,0.0,1.0
2.0,0.0,0.0,1.0,0.0,0.0,0.0,0.0,0.0,0.0
77.0,0.0,0.0,0.0,0.0,0.0,0.0,0.0,0.0,0.0
51.0,1.0,0.0,0.0,0.0,0.0,0.0,0.0,0.0,0.0
34.0,15.0,2.0,0.0,2.0,0.0,0.0,0.0,0.0,0.0
78.0,0.0,0.0,0.0,0.0,0.0,0.0,0.0,0.0,0.0
66.0,0.0,2.0,23249.0,0.0,0.0,2.0,0.0,0.0,0.0
3.0,0.0,0.0,0.0,0.0,0.0,0.0,0.0,6875.95,0.0
50.0,0.0,0.0,0.0,0.0,0.0,0.0,0.0,0.0,0.0
77.0,0.0,0.0,0.0,0.0,0.0,0.0,0.0,0.0,0.0
46.0,0.0,0.0,0.0,0.0,0.0,0.0,0.0,0.0,0.0
71.0,0.0,15.0,60725.0,14.0,0.0,1.0,0.0,0.0,0.0
